Team,Saison,PA,SO
Toronto Blue Jays,2025,6180,1099
Philadelphia Phillies,2025,6166,1337
Milwaukee Brewers,2025,6227,1266
Boston Red Sox,2025,6206,1419
Athletics,2025,6151,1406
Los Angeles Dodgers,2025,6187,1353
San Diego Padres,2025,6087,1161
Arizona Diamondbacks,2025,6210,1316
Tampa Bay Rays,2025,6045,1397
New York Yankees,2025,6235,1463
Miami Marlins,2025,6142,1247
Houston Astros,2025,6087,1301
Chicago Cubs,2025,6162,1277
New York Mets,2025,6178,1325
Kansas City Royals,2025,6008,1096
Detroit Tigers,2025,6093,1454
St. Louis Cardinals,2025,6069,1321
Atlanta Braves,2025,6186,1371
Cincinnati Reds,2025,6082,1415
Seattle Mariners,2025,6200,1446
Washington Nationals,2025,5982,1351
Minnesota Twins,2025,6059,1372
Colorado Rockies,2025,5908,1531
Baltimore Orioles,2025,6020,1457
San Francisco Giants,2025,6072,1380
Texas Rangers,2025,6046,1327
Chicago White Sox,2025,5987,1364
Pittsburgh Pirates,2025,6008,1422
Cleveland Guardians,2025,5943,1344
Los Angeles Angels,2025,6000,1627
Tampa Bay Rays,2026,6071,1137
Milwaukee Brewers,2026,6265,1377
Los Angeles Dodgers,2026,6170,1261
Colorado Rockies,2026,6138,1400
Pittsburgh Pirates,2026,6217,1495
Chicago Cubs,2026,6339,1338
Miami Marlins,2026,6093,1330
Toronto Blue Jays,2026,6012,1140
Kansas City Royals,2026,6048,1265
Atlanta Braves,2026,6017,1301
Arizona Diamondbacks,2026,6113,1191
Washington Nationals,2026,6159,1345
Athletics,2026,6091,1366
San Francisco Giants,2026,6026,1326
Boston Red Sox,2026,6078,1319
Minnesota Twins,2026,6089,1291
San Diego Padres,2026,6028,1301
Texas Rangers,2026,6011,1384
Detroit Tigers,2026,6142,1398
Houston Astros,2026,6075,1334
St. Louis Cardinals,2026,6106,1298
Philadelphia Phillies,2026,6040,1313
New York Mets,2026,6071,1352
Cleveland Guardians,2026,6081,1266
Chicago White Sox,2026,6153,1488
New York Yankees,2026,5997,1480
Los Angeles Angels,2026,6052,1538
Baltimore Orioles,2026,6079,1518
Seattle Mariners,2026,6048,1392
Cincinnati Reds,2026,6015,1537
