Id,Name,Saison,IP,R,ER,SO,BB,HBP,HR,BF
434378,Justin Verlander,2024,90.33,56,55,74,27,6,15,396
434378,Justin Verlander,2025,152.0,74,65,137,52,6,16,662
434378,Justin Verlander,2026,3.67,5,5,1,2,0,1,19
448179,Rich Hill,2025,9.0,7,5,4,8,0,2,43
450203,Charlie Morton,2024,165.33,85,77,167,65,18,23,701
450203,Charlie Morton,2025,1.33,0,0,1,1,0,0,6
453286,Max Scherzer,2024,43.33,20,19,40,10,1,7,177
453286,Max Scherzer,2025,85.0,49,49,82,23,2,19,358
453286,Max Scherzer,2026,57.0,39,39,46,26,1,12,248
456501,Johnny Cueto,2024,11.33,9,9,6,3,0,4,50
458681,Lance Lynn,2024,117.33,64,50,109,44,4,16,511
471911,Carlos Carrasco,2024,103.67,68,65,89,33,5,19,447
471911,Carlos Carrasco,2025,32.0,21,21,25,10,0,7,142
476594,Robert Stock,2026,26.0,18,17,25,13,3,2,125
477132,Clayton Kershaw,2024,30.0,19,15,24,9,2,2,133
477132,Clayton Kershaw,2025,112.67,46,42,84,35,2,8,463
489119,Wade Miley,2024,7.0,5,5,2,4,1,1,30
489119,Wade Miley,2025,12.0,9,9,7,6,1,3,55
500779,Jose Quintana,2024,170.33,73,71,135,63,11,22,717
500779,Jose Quintana,2025,131.67,65,58,89,50,5,18,556
500779,Jose Quintana,2026,41.0,27,24,20,17,1,6,181
502043,Kyle Gibson,2024,169.67,91,80,151,68,4,23,722
502043,Kyle Gibson,2025,12.33,23,23,10,7,0,7,73
502171,Alex Cobb,2024,16.33,7,5,10,3,0,1,62
502179,Paolo Espino,2024,8.67,8,8,3,5,1,3,44
502624,Chase Anderson,2024,6.33,7,7,7,2,1,2,31
506433,Yu Darvish,2024,81.67,32,30,78,22,3,12,331
506433,Yu Darvish,2025,72.0,44,43,68,19,6,14,296
518489,Ryan Brasier,2024,28.0,12,11,25,5,0,3,110
518489,Ryan Brasier,2025,26.0,13,13,20,5,0,2,105
518585,Fernando Cruz,2024,66.67,36,36,109,35,1,9,288
518876,Merrill Kelly,2024,73.67,35,33,63,19,2,11,300
518876,Merrill Kelly,2025,55.33,26,26,46,10,1,9,234
518876,Merrill Kelly,2026,141.67,83,80,95,64,3,26,616
519141,Drew Pomeranz,2025,49.67,14,12,57,15,5,5,203
519242,Chris Sale,2024,177.67,48,47,225,39,8,9,702
519242,Chris Sale,2025,125.67,38,36,165,32,11,11,510
519242,Chris Sale,2026,144.0,38,33,177,28,12,8,576
527048,Martín Pérez,2024,52.0,20,20,44,17,2,9,217
527048,Martín Pérez,2025,56.0,23,22,44,22,2,6,228
527048,Martín Pérez,2026,121.0,45,41,91,50,3,12,499
527054,Julio Teheran,2024,2.67,4,4,3,2,0,1,16
542881,Tyler Anderson,2024,179.33,83,76,142,73,7,24,765
542881,Tyler Anderson,2025,136.33,73,69,104,57,3,28,599
542888,Shawn Armstrong,2024,46.67,30,28,50,19,2,5,214
542888,Shawn Armstrong,2025,74.0,21,19,74,20,6,5,284
543037,Gerrit Cole,2024,95.0,38,36,99,29,6,11,390
543037,Gerrit Cole,2026,104.0,39,38,110,22,2,13,426
543056,Danny Coulombe,2025,31.0,4,4,31,9,0,0,122
543101,Anthony DeSclafani,2025,38.67,23,22,36,12,5,11,169
543135,Nathan Eovaldi,2024,170.67,74,72,166,42,7,23,696
543135,Nathan Eovaldi,2025,130.0,28,25,129,21,7,10,496
543135,Nathan Eovaldi,2026,132.67,65,62,137,32,7,24,555
543243,Sonny Gray,2024,166.33,79,71,203,39,3,21,671
543243,Sonny Gray,2025,180.67,93,86,201,38,3,25,753
543243,Sonny Gray,2026,143.67,46,45,128,37,5,15,586
543294,Kyle Hendricks,2024,130.67,88,86,87,43,3,21,567
543294,Kyle Hendricks,2025,164.67,92,87,114,43,5,25,695
543518,Scott McGough,2024,32.67,30,27,25,21,1,6,150
544150,Albert Suárez,2024,133.67,56,55,108,43,3,17,565
544150,Albert Suárez,2025,11.67,4,3,10,2,1,0,44
547001,Cody Poteet,2024,24.33,7,6,16,8,1,2,96
547179,Michael Lorenzen,2024,101.67,43,43,75,48,5,15,419
547179,Michael Lorenzen,2025,141.67,76,73,127,39,6,25,606
547179,Michael Lorenzen,2026,3.0,3,3,2,1,0,1,15
548389,Ross Stripling,2024,85.33,65,57,49,22,1,7,381
554430,Zack Wheeler,2024,200.0,62,57,224,52,8,20,787
554430,Zack Wheeler,2025,149.67,48,45,195,33,8,19,585
554430,Zack Wheeler,2026,130.33,49,48,154,41,4,19,524
570632,José Ureña,2024,109.0,51,46,70,39,4,13,463
570632,José Ureña,2025,17.67,9,9,10,8,2,1,78
571510,Matthew Boyd,2024,39.67,16,12,46,13,2,4,166
571510,Matthew Boyd,2025,179.67,69,64,154,42,9,19,718
571510,Matthew Boyd,2026,102.33,49,46,79,31,7,15,423
571578,Patrick Corbin,2024,174.67,114,109,139,54,3,25,764
571578,Patrick Corbin,2025,155.33,79,76,131,51,3,21,663
571578,Patrick Corbin,2026,80.0,50,49,63,25,6,12,360
571656,Buck Farmer,2024,71.0,25,24,70,29,7,7,299
571760,Andrew Heaney,2024,160.0,84,76,159,41,12,23,693
571760,Andrew Heaney,2025,120.33,74,72,84,39,9,24,525
571927,Steven Matz,2024,44.33,28,25,33,15,2,7,190
571927,Steven Matz,2025,55.0,25,21,47,9,1,4,227
571927,Steven Matz,2026,68.67,46,45,51,21,2,14,293
571945,Miles Mikolas,2024,171.67,106,102,122,25,5,26,720
571945,Miles Mikolas,2025,156.33,87,84,100,37,3,29,669
571945,Miles Mikolas,2026,116.0,80,75,58,23,2,27,498
571948,Hoby Milner,2024,64.67,38,34,64,14,2,6,268
572020,James Paxton,2024,89.33,45,44,64,48,1,11,390
572143,Burch Smith,2026,17.0,8,6,20,7,0,2,73
572971,Dallas Keuchel,2024,16.67,10,10,11,8,0,3,79
573009,Joe Mantiply,2024,59.67,27,26,53,18,0,1,243
573186,Marcus Stroman,2024,154.67,81,74,113,60,8,19,675
573186,Marcus Stroman,2025,39.0,27,27,26,16,2,6,175
579328,Yusei Kikuchi,2024,115.67,63,61,130,30,2,17,497
579328,Yusei Kikuchi,2025,178.33,87,79,174,74,3,24,772
579328,Yusei Kikuchi,2026,43.0,27,27,43,16,2,7,192
592254,José De León,2025,6.67,3,3,8,3,0,1,28
592288,Kent Emanuel,2026,5.0,2,2,4,3,1,0,23
592332,Kevin Gausman,2024,181.0,86,77,162,56,2,20,756
592332,Kevin Gausman,2025,193.0,79,77,189,50,3,21,775
592332,Kevin Gausman,2026,127.33,68,62,127,36,1,15,540
592351,Jon Gray,2024,102.67,54,51,86,28,0,11,439
592662,Robbie Ray,2024,30.67,16,16,43,15,6,6,129
592662,Robbie Ray,2025,182.33,81,74,186,73,4,22,755
592662,Robbie Ray,2026,122.67,50,42,107,57,1,15,512
592791,Jameson Taillon,2024,165.33,67,60,125,33,1,21,675
592791,Jameson Taillon,2025,129.67,54,53,98,27,0,24,519
592791,Jameson Taillon,2026,8.0,3,3,7,5,0,1,36
592836,Taijuan Walker,2024,83.67,68,66,58,37,3,24,381
592836,Taijuan Walker,2025,123.67,62,56,86,42,4,21,538
592836,Taijuan Walker,2026,22.67,25,23,17,11,1,8,115
592866,Trevor Williams,2024,66.67,17,15,59,18,0,3,260
592866,Trevor Williams,2025,82.67,59,57,65,21,2,11,373
593334,Domingo Germán,2024,20.67,19,18,18,13,2,4,100
593423,Frankie Montas,2024,57.33,33,29,70,25,1,10,244
593423,Frankie Montas,2025,38.67,29,27,32,14,1,8,178
593958,Eduardo Rodriguez,2024,50.0,29,28,47,19,1,8,224
593958,Eduardo Rodriguez,2025,154.33,94,86,143,60,1,25,694
593958,Eduardo Rodriguez,2026,167.0,52,48,122,55,0,14,686
593974,Wandy Peralta,2025,71.67,29,25,63,30,2,5,313
593974,Wandy Peralta,2026,66.0,25,25,42,22,2,6,275
594798,Jacob deGrom,2024,10.67,2,2,14,1,1,1,44
594798,Jacob deGrom,2025,172.67,57,57,185,37,3,26,669
594798,Jacob deGrom,2026,137.33,61,61,167,37,0,17,561
594835,Marco Gonzales,2024,33.67,17,17,23,11,0,5,151
594902,Ben Lively,2024,151.0,67,64,118,49,5,23,632
594902,Ben Lively,2025,44.67,16,16,29,15,0,6,178
595345,Steven Okert,2024,35.33,22,20,33,16,3,6,160
595345,Steven Okert,2025,71.67,25,24,84,19,2,6,276
595345,Steven Okert,2026,67.67,17,16,68,14,4,7,261
596001,Jakob Junis,2024,26.0,9,7,19,5,1,4,101
596001,Jakob Junis,2026,46.33,14,14,35,12,3,3,191
596295,Austin Gomber,2024,165.0,89,87,116,38,1,30,696
596295,Austin Gomber,2025,57.67,51,48,34,17,1,16,272
601713,Nick Pivetta,2024,145.67,70,67,172,36,1,28,595
601713,Nick Pivetta,2025,181.67,63,58,190,50,3,22,721
601713,Nick Pivetta,2026,16.0,8,8,24,6,0,0,66
605130,Scott Barlow,2025,68.33,35,32,75,45,6,8,303
605135,Chris Bassitt,2024,171.0,91,79,168,70,16,18,758
605135,Chris Bassitt,2025,170.33,80,75,166,52,13,22,736
605135,Chris Bassitt,2026,79.67,45,44,55,29,9,9,362
605156,Aaron Brooks,2024,26.67,19,15,12,8,1,4,119
605182,Mike Clevinger,2024,16.0,13,12,15,9,0,4,78
605280,Clay Holmes,2025,165.67,74,65,129,66,13,14,708
605280,Clay Holmes,2026,52.67,14,14,45,18,1,3,215
605288,Adrian Houser,2024,69.33,48,45,45,32,4,8,309
605288,Adrian Houser,2025,68.67,19,16,47,22,1,3,275
605288,Adrian Houser,2026,109.67,54,49,75,34,4,15,470
605397,Joe Musgrove,2024,99.67,44,43,101,23,10,14,410
605400,Aaron Nola,2024,199.33,84,79,197,50,3,30,820
605400,Aaron Nola,2025,94.33,65,63,97,28,4,18,404
605400,Aaron Nola,2026,148.0,83,81,157,51,1,32,638
605452,Joe Ross,2024,74.0,35,31,66,29,1,7,321
605452,Joe Ross,2025,51.0,30,29,39,18,3,8,228
605463,Tayler Scott,2024,68.67,21,17,71,35,4,7,282
605483,Blake Snell,2024,104.0,38,36,145,44,1,6,418
605483,Blake Snell,2025,61.33,21,16,72,26,0,3,254
605483,Blake Snell,2026,26.0,8,7,36,12,1,0,109
605488,Jeffrey Springs,2024,33.0,12,12,37,11,1,5,142
605488,Jeffrey Springs,2025,171.0,90,78,138,54,3,28,713
605488,Jeffrey Springs,2026,123.0,94,87,98,50,3,33,548
605513,Spencer Turnbull,2024,54.33,17,16,58,20,5,6,222
605513,Spencer Turnbull,2025,6.33,5,5,4,4,0,1,33
605540,Brandon Woodruff,2025,64.67,26,23,83,14,3,9,257
605540,Brandon Woodruff,2026,45.33,16,15,47,10,1,5,174
606965,Chris Devenski,2025,16.67,4,4,14,5,2,1,65
606996,Kyle Hart,2025,43.0,28,28,37,13,2,9,179
606996,Kyle Hart,2026,57.33,26,24,55,19,3,4,234
607067,Colin Rea,2024,167.67,83,80,135,43,10,29,714
607067,Colin Rea,2025,159.33,73,70,127,44,6,20,662
607067,Colin Rea,2026,128.67,66,64,97,45,7,20,554
607074,Carlos Rodón,2024,175.0,81,77,195,57,10,31,736
607074,Carlos Rodón,2025,195.33,74,67,203,73,9,22,789
607074,Carlos Rodón,2026,59.0,25,21,63,31,2,5,247
607192,Tyler Glasnow,2024,134.0,53,52,168,35,0,15,522
607192,Tyler Glasnow,2025,90.33,33,32,106,43,3,10,366
607192,Tyler Glasnow,2026,51.67,16,16,62,14,0,5,192
607200,Erick Fedde,2024,121.67,43,42,108,34,2,14,502
607200,Erick Fedde,2025,16.0,7,6,7,7,0,2,66
607200,Erick Fedde,2026,123.33,65,57,88,45,3,22,532
607259,Nick Martinez,2024,142.33,56,49,116,18,5,13,570
607259,Nick Martinez,2025,165.67,86,82,116,42,6,22,683
607259,Nick Martinez,2026,153.67,51,51,91,22,3,18,618
607455,Anthony Banda,2024,49.67,19,17,50,18,2,5,209
607455,Anthony Banda,2025,65.0,23,23,61,34,2,8,268
607481,Aaron Bummer,2025,54.33,27,23,51,17,11,3,235
607536,Kyle Freeland,2024,113.33,73,66,85,26,1,22,490
607536,Kyle Freeland,2025,162.67,105,90,124,38,6,22,709
607536,Kyle Freeland,2026,124.33,92,88,103,28,6,24,554
607625,Seth Lugo,2024,206.67,75,69,181,48,9,16,836
607625,Seth Lugo,2025,145.33,70,67,125,55,6,27,611
607625,Seth Lugo,2026,154.0,94,86,118,49,7,18,662
607644,John Means,2024,20.67,6,6,16,2,1,2,80
608331,Max Fried,2024,174.33,71,63,166,57,7,13,714
608331,Max Fried,2025,195.33,73,62,189,51,10,14,801
608331,Max Fried,2026,90.0,28,28,83,28,2,3,347
608334,Carson Fulmer,2024,86.67,45,40,81,40,5,11,379
608337,Lucas Giolito,2025,145.0,62,55,121,56,1,17,613
608337,Lucas Giolito,2026,29.67,19,17,18,23,1,4,138
608344,Cole Irvin,2024,3.67,5,5,2,4,1,1,22
608372,Tomoyuki Sugano,2025,157.0,85,81,106,36,8,33,675
608372,Tomoyuki Sugano,2026,125.67,76,73,75,29,3,27,540
608379,Michael Wacha,2024,166.67,65,62,145,45,5,17,685
608379,Michael Wacha,2025,172.67,74,74,126,45,4,15,716
608379,Michael Wacha,2026,170.67,67,63,136,42,6,22,686
608566,Germán Márquez,2024,4.0,3,3,3,4,0,1,20
608566,Germán Márquez,2025,126.33,106,94,83,48,6,23,591
608566,Germán Márquez,2026,53.0,32,31,37,24,2,14,236
608650,Dietrich Enns,2025,17.67,12,11,15,4,0,2,77
608718,Brent Suter,2024,65.67,25,23,50,12,3,10,270
608718,Brent Suter,2025,67.67,38,34,53,18,2,11,291
608718,Brent Suter,2026,16.33,5,4,13,6,0,1,69
615698,Cal Quantrill,2024,148.33,83,82,110,69,11,23,656
615698,Cal Quantrill,2025,109.67,69,67,82,30,5,17,470
615698,Cal Quantrill,2026,89.67,36,30,68,22,5,11,368
621097,Jacob Waguespack,2024,10.0,7,6,11,10,0,1,51
621097,Jacob Waguespack,2026,33.33,11,10,20,13,1,5,132
621107,Zach Eflin,2024,110.0,55,50,87,13,3,14,460
621107,Zach Eflin,2025,71.33,48,47,50,13,2,18,309
621107,Zach Eflin,2026,3.67,1,1,7,2,0,1,17
621111,Walker Buehler,2024,75.33,52,45,64,28,5,16,344
621111,Walker Buehler,2025,13.67,1,1,8,6,2,0,57
621111,Walker Buehler,2026,131.33,69,68,111,49,5,17,559
621112,Paul Blackburn,2024,51.0,25,25,38,14,1,8,208
621112,Paul Blackburn,2025,15.33,10,9,16,4,0,3,65
621112,Paul Blackburn,2026,78.0,16,14,64,28,1,6,303
621114,Ryan Burr,2024,32.67,16,15,47,12,1,4,140
621121,Lance McCullers Jr.,2025,55.33,45,40,61,39,7,10,274
621121,Lance McCullers Jr.,2026,4.67,5,2,5,5,0,0,23
621199,Matt Bowman,2024,7.67,2,2,6,4,2,1,31
621244,José Berríos,2024,192.33,79,77,153,54,13,31,786
621244,José Berríos,2025,166.0,86,77,138,56,7,26,698
621383,Tanner Banks,2024,48.0,30,22,55,15,2,5,205
621383,Tanner Banks,2026,29.0,27,23,32,13,0,7,146
621389,Ty Blach,2024,71.33,55,55,36,18,6,17,330
622072,Alex Wood,2024,39.33,27,23,33,19,5,6,186
622379,Luis F. Castillo,2025,7.0,7,6,5,7,0,0,41
622491,Luis Castillo,2024,175.33,73,71,175,47,5,25,719
622491,Luis Castillo,2025,180.67,76,71,162,46,7,23,745
622491,Luis Castillo,2026,22.33,17,16,20,6,1,7,103
622503,Nabil Crismatt,2025,34.0,20,14,25,9,1,6,153
622608,Antonio Senzatela,2024,12.33,10,9,7,8,0,3,54
622608,Antonio Senzatela,2025,130.0,103,96,73,47,8,22,618
622663,Luis Severino,2024,182.0,86,79,161,60,11,23,761
622663,Luis Severino,2025,162.67,93,82,124,50,16,16,705
622663,Luis Severino,2026,62.67,33,29,65,31,2,9,271
622694,Elieser Hernández,2024,6.0,2,2,2,2,0,0,22
623167,Chris Flexen,2024,160.0,95,88,123,63,2,24,707
623167,Chris Flexen,2025,43.67,18,15,22,12,0,7,178
623211,Huascar Brazobán,2025,63.0,29,25,57,27,4,6,262
623211,Huascar Brazobán,2026,10.0,7,7,5,6,0,2,45
623381,Thomas Pannone,2026,3.0,3,2,2,2,0,1,14
623437,Justin Topa,2025,60.0,32,26,49,18,4,2,268
623454,Drew Anderson,2026,86.0,40,37,96,35,4,13,369
623474,Jimmy Herget,2026,42.33,31,28,38,22,3,7,190
624133,Ranger Suarez,2024,150.67,63,58,145,41,5,14,626
624133,Ranger Suarez,2025,157.33,57,56,151,38,6,14,651
624133,Ranger Suarez,2026,123.67,53,50,119,39,6,8,516
625643,Reynaldo López,2024,135.67,32,30,148,42,2,10,543
625643,Reynaldo López,2025,5.0,3,3,1,2,0,1,25
625643,Reynaldo López,2026,71.67,33,29,66,29,1,10,306
628317,Kenta Maeda,2024,112.33,80,76,96,31,5,22,485
630023,Yonny Chirinos,2024,30.0,21,21,25,13,3,7,144
640455,Sean Manaea,2024,181.67,75,70,184,63,9,21,738
640455,Sean Manaea,2025,60.67,38,38,75,12,7,13,263
640455,Sean Manaea,2026,128.33,74,67,122,41,14,21,562
640462,A.J. Puk,2024,44.0,27,21,45,23,1,3,191
641154,Pablo López,2024,185.33,90,84,198,41,8,26,772
641154,Pablo López,2025,75.67,28,23,73,20,4,6,312
641302,Tyler Alexander,2024,107.67,61,61,90,24,5,23,455
641302,Tyler Alexander,2025,36.33,31,25,30,12,1,3,164
641302,Tyler Alexander,2026,59.33,26,22,52,18,4,2,255
641312,Shaun Anderson,2024,13.0,17,13,7,0,1,3,68
641482,Nestor Cortes,2024,174.33,74,73,162,39,4,24,710
641482,Nestor Cortes,2025,8.0,8,8,8,7,0,5,38
641540,Dane Dunning,2024,95.0,60,56,91,40,6,18,421
641582,Matt Foster,2024,6.67,2,2,4,5,0,1,30
641585,J.P. France,2024,25.33,21,21,22,12,1,5,121
641656,Ian Hamilton,2025,40.0,20,19,42,22,1,5,166
641672,Thomas Hatch,2025,33.0,21,20,21,17,0,6,147
641703,Brent Honeywell,2024,3.33,1,1,1,2,0,0,15
641712,Dakota Hudson,2024,89.0,66,61,49,50,5,11,404
641726,Daulton Jefferies,2024,4.67,13,9,4,2,0,2,31
641743,Anthony Kay,2026,136.67,70,65,113,49,22,19,611
641745,Brad Keller,2024,16.67,10,9,13,6,0,5,76
641745,Brad Keller,2025,69.67,18,16,75,22,6,4,276
641771,Chad Kuhl,2024,53.33,33,30,54,25,6,5,240
641778,Eric Lauer,2025,104.67,39,37,102,26,2,15,426
641778,Eric Lauer,2026,36.33,27,27,26,16,0,11,162
641793,Zack Littell,2024,156.33,68,63,141,31,5,22,656
641793,Zack Littell,2025,133.33,53,53,89,21,5,26,537
641793,Zack Littell,2026,112.33,69,62,70,35,3,25,481
641816,Tyler Mahle,2024,12.67,7,7,10,4,1,1,56
641816,Tyler Mahle,2025,86.67,21,21,66,29,0,5,346
641816,Tyler Mahle,2026,30.33,5,5,32,5,1,3,117
641835,Tim Mayza,2026,59.33,24,22,59,15,1,6,237
641927,Bailey Ober,2024,178.67,81,79,191,43,6,27,709
641927,Bailey Ober,2025,146.33,84,83,120,31,5,30,624
641927,Bailey Ober,2026,113.33,59,55,79,31,2,18,477
641941,Emilio Pagán,2024,38.0,20,19,44,11,0,6,158
642121,Cole Sulser,2024,11.67,0,0,8,6,0,0,43
642121,Cole Sulser,2026,46.33,29,25,48,14,0,6,197
642152,Lou Trivino III,2025,9.0,3,2,8,5,1,0,38
642216,Allan Winans,2024,7.67,14,13,4,4,0,3,41
642216,Allan Winans,2025,9.33,11,9,6,3,2,2,46
642232,Ryan Yarbrough,2025,64.0,31,31,55,19,2,13,264
642232,Ryan Yarbrough,2026,53.0,30,23,39,21,4,3,226
642239,Rob Zastryzny,2024,7.67,1,1,5,1,1,0,29
642239,Rob Zastryzny,2025,22.0,7,6,20,10,1,3,93
642520,Gerson Garabito,2024,26.33,15,14,22,12,4,4,115
642547,Freddy Peralta,2024,173.67,74,71,200,68,10,26,725
642547,Freddy Peralta,2025,176.67,54,53,204,66,9,21,723
642547,Freddy Peralta,2026,33.33,18,18,27,6,3,6,131
642834,Jonathan Bermúdez,2024,6.67,6,6,4,2,2,2,33
643377,Griffin Jax,2025,46.0,24,23,72,13,1,4,198
643377,Griffin Jax,2026,91.67,49,37,100,30,2,14,379
645261,Sandy Alcantara,2025,174.67,107,104,142,57,9,22,745
645261,Sandy Alcantara,2026,189.67,78,73,140,50,7,18,784
646242,Jhonathan Díaz,2024,9.67,6,5,8,3,0,2,47
647315,Zach Pop,2026,7.33,3,3,6,3,1,0,31
647336,Michael Soroka,2024,79.67,49,42,84,44,3,13,347
647336,Michael Soroka,2025,81.33,44,44,87,24,14,11,343
647336,Michael Soroka,2026,95.33,36,36,91,24,6,6,395
650633,Michael King,2024,173.67,71,57,201,63,7,17,726
650633,Michael King,2025,73.33,31,28,76,26,4,12,308
650633,Michael King,2026,162.0,58,56,141,63,12,18,662
650644,Aaron Civale,2024,74.0,31,29,65,25,2,13,311
650644,Aaron Civale,2025,22.0,12,12,19,7,2,5,94
650644,Aaron Civale,2026,74.67,46,45,58,23,2,16,341
650911,Cristopher Sánchez,2024,181.67,76,67,153,44,0,11,754
650911,Cristopher Sánchez,2025,202.0,58,56,212,44,6,12,807
650911,Cristopher Sánchez,2026,175.33,55,49,202,39,5,14,726
656186,Dan Altavilla,2024,3.67,6,6,5,3,1,1,21
656222,Jalen Beeks,2025,57.33,26,24,47,20,2,6,231
656240,Scott Blewett,2025,16.33,11,10,13,10,0,5,72
656271,Brock Burke,2024,13.67,14,14,16,9,2,3,72
656271,Brock Burke,2025,61.67,24,23,52,18,3,8,257
656288,Griffin Canning,2024,171.67,105,99,130,66,6,31,739
656288,Griffin Canning,2025,76.33,35,32,70,35,0,8,328
656288,Griffin Canning,2026,77.0,53,52,77,35,5,13,343
656302,Dylan Cease,2024,189.33,80,73,224,65,2,18,762
656302,Dylan Cease,2025,168.0,91,85,215,71,5,21,722
656302,Dylan Cease,2026,150.33,44,39,217,65,3,10,601
656412,Alex Faedo,2024,57.33,24,23,55,28,3,9,246
656427,Jack Flaherty,2024,55.33,23,22,61,19,1,9,234
656427,Jack Flaherty,2025,161.0,85,83,188,59,5,23,681
656427,Jack Flaherty,2026,86.33,52,44,102,42,7,11,389
656457,Tyler Gilbert,2025,51.0,24,22,49,24,2,5,215
656457,Tyler Gilbert,2026,6.0,8,8,4,4,0,2,32
656492,Foster Griffin,2026,129.33,49,44,116,30,8,19,524
656550,Grant Holmes,2024,68.33,27,27,70,15,2,7,282
656550,Grant Holmes,2025,115.0,52,51,123,54,7,16,492
656550,Grant Holmes,2026,128.67,55,53,103,55,3,19,552
656557,Tanner Houck,2024,178.67,75,62,154,48,16,11,743
656557,Tanner Houck,2025,43.67,41,39,32,17,5,10,203
656605,Mitch Keller,2024,178.0,90,84,166,50,15,23,773
656605,Mitch Keller,2025,176.33,91,82,150,51,10,21,749
656605,Mitch Keller,2026,115.67,73,68,89,42,8,15,503
656641,Jacob Latz,2025,85.67,28,27,76,37,0,7,348
656641,Jacob Latz,2026,60.67,12,11,68,18,0,3,224
656731,Tylor Megill,2024,78.0,39,35,91,32,4,8,337
656731,Tylor Megill,2025,68.33,37,30,89,33,7,6,305
656756,Jordan Montgomery,2024,117.0,83,81,83,44,2,14,532
656794,Sean Newcomb,2025,51.33,12,10,50,14,3,2,201
656794,Sean Newcomb,2026,78.0,23,19,71,27,6,2,313
656849,David Peterson,2024,121.0,44,39,101,46,7,8,510
656849,David Peterson,2025,168.67,84,79,150,65,7,11,723
656849,David Peterson,2026,68.0,51,46,63,30,3,6,319
656876,Drew Rasmussen,2024,28.67,10,9,35,6,0,0,116
656876,Drew Rasmussen,2025,150.0,47,46,127,37,5,18,585
656876,Drew Rasmussen,2026,146.33,50,48,149,27,7,13,574
656986,Bennett Sousa,2026,20.67,17,15,22,13,0,3,99
657006,Justin Steele,2024,134.67,54,46,135,37,4,12,555
657006,Justin Steele,2025,22.67,12,12,21,5,1,5,92
657277,Logan Webb,2024,204.67,83,79,172,50,2,11,841
657277,Logan Webb,2025,207.0,82,74,224,46,6,14,856
657277,Logan Webb,2026,149.67,73,70,119,38,11,11,621
657376,Clarke Schmidt,2024,85.33,31,27,93,30,9,8,353
657376,Clarke Schmidt,2025,78.67,29,29,73,30,1,9,316
657424,Matt Gage,2025,25.33,11,11,24,10,2,0,112
657514,Brennan Bernardino,2024,51.0,25,23,56,22,6,6,226
657514,Brennan Bernardino,2025,51.67,23,18,43,26,3,1,224
657514,Brennan Bernardino,2026,56.33,21,16,41,14,3,4,233
657571,Caleb Ferguson,2026,8.33,8,8,9,8,0,2,41
657585,Reed Garrett,2025,55.33,27,24,64,26,1,5,238
657649,Jared Koenig,2024,62.0,22,17,63,23,4,4,265
657746,Joe Ryan,2024,135.0,59,54,147,23,5,19,538
657746,Joe Ryan,2025,171.0,69,65,194,39,12,26,689
657746,Joe Ryan,2026,125.67,63,51,138,27,5,17,523
660271,Shohei Ohtani,2025,47.0,15,15,62,9,0,3,188
660271,Shohei Ohtani,2026,85.67,21,17,95,26,6,4,340
660604,Alan Rangel,2026,26.0,17,17,29,13,2,4,123
660730,Elvin Rodríguez,2025,18.67,18,18,17,7,1,7,84
660761,José Suarez,2024,52.33,38,35,56,27,4,7,240
660761,José Suarez,2025,19.33,5,4,16,10,0,1,81
660761,José Suarez,2026,16.33,12,12,21,12,0,0,79
661563,Luis Gil,2024,151.67,60,59,171,77,8,18,637
661563,Luis Gil,2025,57.0,23,21,41,33,1,5,244
661563,Luis Gil,2026,21.33,14,14,12,12,4,6,95
663362,Matt Waldron,2024,146.67,84,80,133,40,11,21,625
663362,Matt Waldron,2025,4.67,4,4,3,6,0,1,25
663362,Matt Waldron,2026,4.33,5,5,3,2,0,0,22
663372,Ryan Feltner,2024,162.33,94,81,138,52,7,20,692
663372,Ryan Feltner,2025,30.33,17,16,25,12,0,4,135
663372,Ryan Feltner,2026,101.67,72,66,76,45,1,19,455
663399,Brandon Waddell,2025,31.33,12,12,22,11,1,4,134
663436,Davis Martin,2024,50.0,25,24,47,23,5,5,220
663436,Davis Martin,2025,142.67,74,65,104,48,6,20,601
663436,Davis Martin,2026,125.0,62,60,111,39,9,12,530
663460,Kris Bubic,2025,116.33,38,33,116,39,3,6,476
663460,Kris Bubic,2026,50.33,23,23,51,26,1,4,207
663465,Kolby Allard,2024,27.0,15,15,23,8,0,5,117
663465,Kolby Allard,2025,65.0,22,19,42,14,1,5,266
663474,Triston McKenzie,2024,75.67,46,43,74,49,1,19,340
663485,Cole Sands,2025,72.0,41,36,64,19,4,7,299
663542,Bryan Hudson,2026,58.33,22,20,55,17,4,4,244
663546,Sean Hjelle,2025,15.0,13,13,11,9,0,2,73
663554,Casey Mize,2024,102.33,57,51,78,29,2,11,452
663554,Casey Mize,2025,149.0,68,64,139,36,3,21,627
663554,Casey Mize,2026,23.0,21,16,11,8,1,6,105
663556,Shane McClanahan,2026,113.0,48,40,103,38,4,9,466
663558,Jovani Morán,2026,58.33,24,23,63,29,2,9,243
663559,Bailey Falter,2024,142.33,72,70,97,45,0,17,589
663559,Bailey Falter,2025,113.33,53,47,70,39,1,17,457
663559,Bailey Falter,2026,9.67,15,15,6,6,0,4,57
663567,Peter Lambert,2024,61.33,42,39,50,29,2,7,280
663567,Peter Lambert,2026,132.67,56,54,131,56,10,13,566
663568,Stephen Kolek,2025,79.67,40,37,56,26,7,8,336
663568,Stephen Kolek,2026,54.0,30,27,34,12,2,8,224
663574,Tony Santillan,2024,30.0,11,10,46,9,0,4,122
663623,Jake Irvin,2024,187.67,97,92,156,52,4,29,769
663623,Jake Irvin,2025,180.0,120,114,124,62,6,38,787
663623,Jake Irvin,2026,85.67,57,53,87,40,9,15,380
663687,Hogan Harris,2024,72.33,29,23,61,33,3,7,305
663738,Daniel Lynch IV,2024,43.33,17,16,39,14,4,6,174
663738,Daniel Lynch IV,2025,67.67,24,23,45,26,6,8,289
663738,Daniel Lynch IV,2026,61.67,25,21,46,19,2,5,250
663765,Jake Woodford,2024,8.33,10,10,7,5,1,2,46
663773,Bryan Hoeing,2024,30.0,10,9,25,9,0,2,124
663776,Patrick Sandoval,2024,79.67,49,45,81,35,3,8,353
663776,Patrick Sandoval,2026,45.0,24,21,48,22,1,6,207
663795,Justin Hagenman,2025,23.67,13,12,23,2,1,4,99
663855,Jordan Hicks,2024,109.67,54,50,96,47,9,12,481
663855,Jordan Hicks,2025,48.67,36,35,43,20,4,3,217
663855,Jordan Hicks,2026,41.67,21,21,52,29,1,4,190
663878,Nate Pearson,2024,40.0,26,25,51,17,2,8,182
663903,Brady Singer,2024,179.67,77,74,170,54,10,22,762
663903,Brady Singer,2025,169.67,80,76,163,60,14,19,716
663903,Brady Singer,2026,141.67,81,76,117,45,13,26,633
663941,Tristan Beck,2024,16.0,3,3,14,4,1,2,67
663941,Tristan Beck,2025,56.67,29,29,41,16,2,7,232
663947,Tyler Holton,2024,94.33,25,23,77,17,4,7,354
663947,Tyler Holton,2025,78.67,34,32,64,17,0,15,312
663947,Tyler Holton,2026,63.0,26,21,50,16,5,8,266
663969,Tyler Phillips,2024,36.67,28,28,28,7,2,9,160
663969,Tyler Phillips,2025,77.67,26,24,52,24,2,8,313
663969,Tyler Phillips,2026,110.33,45,42,90,47,3,14,471
663978,Chris Paddack,2024,88.33,50,49,79,21,1,14,384
663978,Chris Paddack,2025,111.0,65,61,83,27,3,17,472
663978,Chris Paddack,2026,30.67,27,26,27,10,1,6,146
663992,Richard Lovelady,2026,7.33,5,3,6,4,0,1,32
664062,Tony Gonsolin,2025,36.0,21,20,38,18,3,9,157
664074,Cody Ponce,2026,2.33,1,1,3,1,0,0,10
664126,Pete Fairbanks,2026,40.33,30,27,57,19,3,8,177
664141,JT Brubaker,2025,16.0,6,6,10,9,1,0,63
664141,JT Brubaker,2026,60.33,27,24,39,26,2,5,250
664192,Joey Lucchesi,2024,10.33,6,6,7,8,0,1,46
664285,Framber Valdez,2024,176.33,60,57,169,55,6,13,703
664285,Framber Valdez,2025,192.0,82,78,187,68,7,15,802
664285,Framber Valdez,2026,150.67,81,73,116,57,13,15,664
664299,Cristian Javier,2024,34.67,16,15,27,19,0,4,150
664299,Cristian Javier,2025,37.0,22,19,34,15,1,3,157
664299,Cristian Javier,2026,44.67,32,32,42,19,2,8,204
664350,Sixto Sánchez,2024,35.67,29,24,17,14,3,3,162
664353,José Urquidy,2026,17.67,9,9,14,4,2,2,74
664849,Danny Young,2026,12.33,11,11,15,13,3,3,65
665152,Dean Kremer,2024,129.67,72,59,123,51,3,18,553
665152,Dean Kremer,2025,171.67,83,80,142,45,2,22,708
665152,Dean Kremer,2026,26.67,14,13,23,11,0,3,107
665622,Luis Medina,2024,40.0,24,23,32,20,1,4,180
665622,Luis Medina,2026,62.33,30,25,77,32,3,7,274
665625,Elvis Peguero,2025,7.33,6,4,5,4,1,1,36
665795,Edward Cabrera,2024,96.33,60,53,107,50,5,15,418
665795,Edward Cabrera,2025,137.67,60,54,150,48,10,17,581
665795,Edward Cabrera,2026,76.0,53,48,67,32,1,15,329
665871,Javier Assad,2024,147.0,64,61,124,63,5,20,638
665871,Javier Assad,2025,37.0,15,15,23,12,4,3,153
665871,Javier Assad,2026,83.33,33,32,55,21,3,15,332
666129,Braxton Garrett,2024,37.0,24,22,34,4,5,5,161
666129,Braxton Garrett,2026,4.33,7,7,5,8,0,0,28
666142,Cole Ragans,2024,186.33,71,65,223,67,6,15,762
666142,Cole Ragans,2025,61.67,33,32,98,20,2,7,257
666142,Cole Ragans,2026,35.33,20,19,45,23,0,10,151
666157,Nick Lodolo,2024,115.33,62,61,122,37,18,13,493
666157,Nick Lodolo,2025,156.67,60,58,156,31,13,22,642
666157,Nick Lodolo,2026,85.0,48,48,69,35,12,16,383
666159,Matt Manning,2024,27.67,15,15,23,12,0,3,123
666171,Ryan Zeferjahn,2025,57.0,31,30,73,35,4,12,257
666200,Jesús Luzardo,2024,66.67,37,37,58,22,2,9,274
666200,Jesús Luzardo,2025,183.67,85,80,216,57,3,16,758
666200,Jesús Luzardo,2026,169.67,65,57,209,51,10,15,697
666201,Alek Manoah,2024,24.33,16,10,26,8,4,5,103
666214,Joey Wentz,2025,64.0,38,35,64,23,0,6,278
667463,John King,2026,49.67,24,22,33,17,4,7,197
667725,Kyle Tyler,2024,31.67,19,19,25,18,1,4,142
667755,José Soriano,2024,113.0,50,43,97,45,9,8,468
667755,José Soriano,2025,169.0,89,80,152,78,5,12,724
667755,José Soriano,2026,28.33,14,13,22,10,2,2,119
668390,Cole Winn,2026,48.0,32,30,49,16,1,7,215
668676,Zach Plesac,2024,12.0,11,11,5,7,0,4,54
668678,Zac Gallen,2024,148.0,62,60,156,54,4,13,621
668678,Zac Gallen,2025,192.0,109,103,175,66,4,31,813
668678,Zac Gallen,2026,98.0,74,69,61,31,4,18,440
668868,Zack Thompson,2024,17.0,18,18,20,8,1,6,83
668873,Caleb Kilian,2024,10.67,6,5,7,6,0,2,48
668874,Blair Henley,2024,0.33,5,5,0,3,1,0,9
668881,Hunter Greene,2024,150.33,47,46,169,57,19,12,611
668881,Hunter Greene,2025,107.67,35,33,132,26,2,15,420
668881,Hunter Greene,2026,27.67,22,21,33,9,0,4,121
668909,Gavin Williams,2024,76.0,42,41,79,32,3,7,332
668909,Gavin Williams,2025,167.67,62,57,173,83,3,23,704
668909,Gavin Williams,2026,163.0,73,69,217,50,4,27,657
668933,Graham Ashcraft,2024,77.33,50,45,57,27,6,11,350
668964,Tobias Myers,2024,138.0,52,46,127,36,5,18,569
668964,Tobias Myers,2025,50.67,21,20,38,15,2,5,220
668964,Tobias Myers,2026,46.0,34,32,33,13,0,9,198
668984,Casey Legumina,2025,49.67,36,31,55,25,2,7,219
668984,Casey Legumina,2026,48.67,19,19,37,11,5,4,202
669020,Ryan Rolison,2025,42.33,35,33,25,20,0,11,193
669020,Ryan Rolison,2026,52.67,20,18,48,24,0,6,213
669022,MacKenzie Gore,2024,166.33,93,72,181,65,11,15,731
669022,MacKenzie Gore,2025,159.67,75,74,185,64,5,20,680
669022,MacKenzie Gore,2026,154.67,74,74,169,60,7,18,664
669060,Bryse Wilson,2024,104.67,49,47,82,31,4,20,442
669060,Bryse Wilson,2025,47.33,37,35,28,19,2,11,224
669062,Erik Miller,2024,67.33,33,29,87,38,1,7,284
669062,Erik Miller,2026,32.67,10,10,45,22,2,2,142
669084,DL Hall,2024,43.0,26,24,44,21,4,6,197
669084,DL Hall,2025,38.67,15,15,27,17,0,2,155
669084,DL Hall,2026,47.0,12,12,51,28,1,4,183
669145,Bruce Zimmermann,2025,6.0,6,5,1,2,0,2,28
669160,Dustin May,2025,104.0,60,56,97,43,8,16,451
669160,Dustin May,2026,19.67,14,14,16,10,3,3,88
669165,Kyle Hurt,2024,6.67,2,1,3,1,0,0,27
669165,Kyle Hurt,2026,43.0,23,21,55,23,1,5,187
669194,Ryne Nelson,2024,150.67,73,71,126,34,5,17,630
669194,Ryne Nelson,2025,154.0,62,58,132,41,4,17,619
669194,Ryne Nelson,2026,83.33,53,46,62,22,5,18,355
669199,Lake Bachar,2025,71.0,34,31,75,30,3,10,296
669199,Lake Bachar,2026,58.67,27,25,61,21,4,9,242
669203,Corbin Burnes,2024,194.33,76,63,181,48,2,22,784
669203,Corbin Burnes,2025,64.33,23,19,63,26,3,7,265
669211,Keegan Akin,2025,63.33,28,24,59,33,1,10,268
669211,Keegan Akin,2026,25.33,18,16,17,9,0,3,114
669302,Logan Gilbert,2024,208.67,83,75,220,37,4,26,803
669302,Logan Gilbert,2025,131.0,53,50,173,31,7,20,535
669302,Logan Gilbert,2026,160.33,61,61,166,40,5,22,638
669308,Sean Reynolds,2025,27.0,16,16,25,17,3,4,117
669330,Tyler Wells,2024,15.33,11,10,13,3,0,3,67
669330,Tyler Wells,2025,21.67,7,7,18,2,0,4,82
669358,Shane Baz,2024,79.33,28,27,69,27,4,9,319
669358,Shane Baz,2025,166.33,91,90,176,64,9,26,711
669358,Shane Baz,2026,157.0,80,70,139,55,4,11,669
669372,J.T. Ginn,2024,34.0,16,16,29,9,2,4,142
669372,J.T. Ginn,2025,90.33,52,51,99,31,6,17,392
669372,J.T. Ginn,2026,138.33,63,57,121,57,9,17,580
669373,Tarik Skubal,2024,192.0,54,51,228,35,9,15,753
669373,Tarik Skubal,2025,195.33,55,48,241,33,5,18,748
669373,Tarik Skubal,2026,30.0,11,10,37,7,1,2,121
669387,Carmen Mlodzinski,2024,50.67,22,19,46,19,2,3,209
669387,Carmen Mlodzinski,2025,99.0,42,39,89,27,4,8,419
669387,Carmen Mlodzinski,2026,109.0,57,49,87,36,3,9,480
669422,Matt Sauer,2025,29.67,23,21,24,8,2,6,129
669432,Trevor Rogers,2024,105.33,58,53,85,46,3,12,472
669432,Trevor Rogers,2025,109.67,23,22,103,29,2,6,423
669432,Trevor Rogers,2026,137.67,72,67,121,37,3,16,579
669438,Mason Englert,2024,21.67,15,13,16,5,1,4,93
669438,Mason Englert,2026,35.67,19,18,32,8,1,9,157
669456,Shane Bieber,2024,12.0,0,0,20,1,0,0,45
669456,Shane Bieber,2025,40.33,16,16,37,7,1,8,159
669456,Shane Bieber,2026,55.67,28,27,44,24,0,10,242
669461,Matthew Liberatore,2024,86.0,44,42,76,28,2,11,358
669461,Matthew Liberatore,2025,151.67,79,71,122,40,4,19,648
669461,Matthew Liberatore,2026,134.67,87,81,141,47,5,25,589
669467,Andre Pallante,2024,121.33,55,51,94,48,2,8,509
669467,Andre Pallante,2025,162.67,109,96,111,62,5,21,715
669467,Andre Pallante,2026,136.0,56,54,97,41,6,10,564
669620,Brady Basso,2024,22.33,10,10,19,5,0,3,93
669620,Brady Basso,2025,11.67,4,3,8,9,0,0,56
669620,Brady Basso,2026,30.33,17,16,24,4,0,3,134
669684,Chris Murphy,2026,30.0,17,14,29,15,4,2,132
669713,Hayden Wesneski,2024,67.67,37,29,67,21,2,12,283
669713,Hayden Wesneski,2025,32.0,16,16,29,6,1,7,131
669713,Hayden Wesneski,2026,32.67,14,14,28,12,1,2,133
669721,Davis Daniel,2024,30.33,22,21,28,6,1,5,134
669721,Davis Daniel,2025,10.0,6,6,9,7,1,1,46
669724,Brenan Hanifee,2024,29.33,7,6,23,6,0,2,120
669724,Brenan Hanifee,2026,21.33,12,12,10,7,1,5,93
669854,Ronel Blanco,2024,167.33,56,52,166,68,2,22,676
669854,Ronel Blanco,2025,48.33,22,22,48,20,0,7,199
669854,Ronel Blanco,2026,27.33,20,20,23,15,1,7,118
669920,Jason Alexander,2025,6.0,13,12,5,5,0,3,35
669920,Jason Alexander,2026,18.33,19,19,14,8,1,4,84
669923,George Kirby,2024,191.0,82,75,179,23,7,22,778
669923,George Kirby,2025,126.0,60,59,137,29,7,15,524
669923,George Kirby,2026,152.67,75,71,128,36,3,19,640
669947,Jesse Scholtens,2026,44.67,22,20,34,14,3,10,196
670046,Kenny Rosenberg,2024,24.0,17,16,17,8,0,5,104
670102,Bowden Francis,2024,103.67,41,38,92,22,7,17,408
670102,Bowden Francis,2025,64.0,46,43,54,27,6,19,288
670124,Adam Oller,2024,42.33,25,25,36,22,2,7,189
670174,Josh Winckowski,2024,76.0,44,35,60,26,4,10,336
670241,Darius Vines,2024,13.67,14,13,9,4,1,4,66
670329,Rico Garcia,2025,2.67,3,3,2,2,0,1,13
670766,Darren McCaughan,2024,36.0,26,23,27,9,6,7,165
670912,Johan Oviedo,2025,40.33,17,16,42,23,3,6,170
670950,Trevor Richards,2024,13.0,6,6,13,11,2,0,59
670990,Yohan Ramírez,2026,73.33,32,27,87,43,11,4,321
671096,Andrew Abbott,2024,138.0,60,57,114,52,2,25,586
671096,Andrew Abbott,2025,166.33,60,53,149,43,3,19,684
671096,Andrew Abbott,2026,148.33,78,74,115,70,0,21,649
671106,Logan Allen,2024,97.33,63,62,79,41,4,22,432
671106,Logan Allen,2025,156.67,84,74,122,62,6,18,676
671106,Logan Allen,2026,14.33,9,6,15,4,2,3,67
671111,Sammy Peralta,2026,2.67,3,3,4,2,2,1,15
671131,Jackson Rutledge,2024,8.33,3,3,9,2,1,1,34
671212,Joe Boyle,2024,47.67,35,34,56,40,4,4,226
671212,Joe Boyle,2025,52.0,33,27,58,28,3,6,226
671212,Joe Boyle,2026,19.0,13,11,21,9,0,1,81
671737,Taj Bradley,2024,138.0,68,63,154,47,3,22,578
671737,Taj Bradley,2025,31.33,23,23,32,12,0,6,134
671737,Taj Bradley,2026,154.33,66,66,178,66,4,21,654
671936,Adam Macko,2026,22.0,12,12,23,10,3,3,99
672282,Reid Detmers,2024,87.33,67,65,109,38,2,18,391
672282,Reid Detmers,2026,155.0,64,61,174,44,4,17,626
672335,Cionel Pérez,2026,25.67,12,12,32,5,0,5,108
672456,Keider Montero,2024,98.33,54,52,77,31,3,19,412
672456,Keider Montero,2025,90.67,46,44,72,31,2,16,389
672456,Keider Montero,2026,139.0,54,50,92,31,5,14,556
672582,Angel Zerpa,2025,64.67,30,30,58,22,2,7,275
672710,Roansy Contreras,2024,16.33,8,8,16,8,0,3,74
672782,Yoendrys Gómez,2025,10.0,4,3,5,9,0,1,44
672851,Joan Adon,2024,10.67,8,8,6,4,1,2,48
673540,Kodai Senga,2024,5.33,2,2,9,1,1,1,20
673540,Kodai Senga,2025,113.33,44,38,109,55,3,12,482
673540,Kodai Senga,2026,55.0,46,45,65,37,3,13,252
673929,Jordan Leasure,2025,64.33,30,28,81,30,1,12,269
673929,Jordan Leasure,2026,18.67,14,13,18,8,0,6,78
674003,Cody Bradford,2024,76.33,32,30,70,13,1,10,308
674003,Cody Bradford,2026,26.33,10,10,13,6,1,1,114
674072,Tommy Henry,2024,38.33,31,30,30,18,4,9,182
674370,Osvaldo Bido,2024,63.33,25,24,63,26,7,3,259
674370,Osvaldo Bido,2025,79.67,56,52,68,35,6,19,363
674444,Steven Cruz,2026,51.67,26,25,56,19,3,12,217
674841,Andrew Alvarez,2025,23.33,8,6,20,10,1,1,98
674841,Andrew Alvarez,2026,90.67,35,35,86,41,3,5,382
674944,Sean Guenther,2025,10.33,7,6,8,5,0,0,43
675512,Troy Melton,2025,45.67,15,14,36,15,1,7,180
675512,Troy Melton,2026,102.33,31,25,84,29,4,12,407
675540,Xzavion Curry,2024,18.0,6,6,13,2,0,3,64
675627,Michael Grove,2024,51.0,31,29,54,16,6,6,216
675650,Michael Mercado,2024,13.0,16,16,10,9,1,9,64
675660,Shane Drohan,2026,110.33,51,46,110,37,5,10,466
675848,Juan Mejia,2026,57.67,38,35,53,34,3,5,266
675911,Spencer Strider,2024,9.0,7,7,12,5,0,2,42
675911,Spencer Strider,2025,125.33,63,62,131,51,8,20,539
675911,Spencer Strider,2026,39.0,24,23,46,20,1,9,165
675921,Spencer Howard,2024,24.0,16,15,21,11,0,2,114
675989,Cody Bolton,2026,20.0,12,12,22,14,1,3,95
676083,Janson Junk,2025,110.0,54,51,77,13,4,8,447
676083,Janson Junk,2026,103.0,52,47,70,28,3,12,435
676106,Emerson Hancock,2024,60.67,37,32,39,19,6,12,266
676106,Emerson Hancock,2025,90.0,51,49,64,31,5,15,385
676106,Emerson Hancock,2026,138.67,56,55,126,32,7,20,566
676130,José Buttó,2024,74.0,21,21,79,38,5,6,294
676254,Ryan Walker,2024,80.0,19,17,99,18,9,5,308
676263,Jack Dreyer,2025,76.33,26,25,74,24,0,4,307
676263,Jack Dreyer,2026,54.33,18,18,66,20,1,7,219
676272,Bobby Miller,2024,56.0,53,53,52,30,2,17,258
676272,Bobby Miller,2025,5.0,7,7,7,2,1,2,28
676282,Joey Cantillo,2024,38.67,22,21,44,15,0,6,163
676282,Joey Cantillo,2025,95.33,39,34,108,42,0,10,401
676282,Joey Cantillo,2026,136.33,66,56,145,70,3,15,589
676428,Brant Hurter,2024,45.33,13,13,38,6,0,4,175
676428,Brant Hurter,2025,63.0,26,17,68,27,11,4,277
676440,Tanner Bibee,2024,173.67,70,67,187,44,8,22,710
676440,Tanner Bibee,2025,182.33,93,86,162,54,10,27,762
676440,Tanner Bibee,2026,162.33,74,70,128,46,6,26,664
676467,Colton Gordon,2025,86.0,54,51,72,19,2,21,379
676477,Garrett Whitlock,2024,18.33,4,4,17,7,1,1,75
676508,Ben Casparius,2025,77.67,41,40,71,21,3,8,333
676571,PJ Poulin,2026,36.67,12,11,25,21,1,4,153
676596,Josh Fleming,2024,31.33,18,14,17,14,1,3,138
676664,JP Sears,2024,180.67,93,88,137,49,14,28,758
676664,JP Sears,2025,24.67,16,15,20,7,1,7,111
676664,JP Sears,2026,32.67,19,17,25,11,2,6,143
676710,Kutter Crawford,2024,183.67,97,89,175,51,9,34,759
676714,Brandon Hughes,2024,17.67,16,16,21,10,2,8,89
676775,Keaton Winn,2024,55.33,44,44,48,20,4,9,238
676879,Aaron Ashby,2024,28.33,13,9,33,10,0,2,119
676879,Aaron Ashby,2025,66.67,16,16,76,24,4,3,270
676879,Aaron Ashby,2026,76.0,32,27,105,37,2,6,330
676917,Cade Cavalli,2025,48.67,28,23,40,15,4,7,219
676917,Cade Cavalli,2026,152.67,64,53,177,46,13,17,640
676961,Caleb Boushley,2025,43.33,33,29,41,14,2,5,193
676962,Ben Brown,2024,55.33,22,22,64,19,1,5,222
676962,Ben Brown,2025,106.33,73,70,121,32,4,18,472
676962,Ben Brown,2026,68.0,16,14,65,19,2,2,265
676974,Max Meyer,2024,57.0,38,36,46,19,3,14,248
676974,Max Meyer,2025,64.67,39,34,68,20,2,12,285
676974,Max Meyer,2026,111.0,39,33,121,41,7,11,462
676979,Garrett Crochet,2024,146.0,61,58,209,33,5,18,595
676979,Garrett Crochet,2025,205.33,62,59,255,46,3,24,814
676979,Garrett Crochet,2026,30.0,23,21,37,11,4,5,138
677161,Zack Kelly,2024,56.67,31,25,61,27,2,10,241
677651,Luis Garcia,2025,7.67,3,3,7,1,1,2,28
677944,Slade Cecconi,2024,77.0,57,57,64,17,4,16,338
677944,Slade Cecconi,2025,132.0,66,63,109,32,3,24,545
677944,Slade Cecconi,2026,110.0,68,62,88,37,3,17,488
677952,Braxton Ashcraft,2025,69.67,22,21,71,24,2,3,292
677952,Braxton Ashcraft,2026,160.33,70,64,164,35,7,21,645
677958,Kumar Rocker,2024,11.67,6,5,14,6,1,1,55
677958,Kumar Rocker,2025,64.33,42,41,56,23,4,11,287
677958,Kumar Rocker,2026,129.67,65,64,124,55,4,18,570
677960,Ryan Weathers,2024,86.67,39,35,80,24,9,11,367
677960,Ryan Weathers,2025,38.33,20,17,37,12,1,7,166
677960,Ryan Weathers,2026,137.33,61,55,143,38,3,18,568
677976,Randy Dobnak,2026,57.67,17,17,40,23,0,5,247
678022,Jack Perkins,2025,38.67,18,18,37,18,2,4,161
678022,Jack Perkins,2026,95.33,74,68,109,42,9,18,433
678024,Mike Vasil,2025,101.0,32,28,82,52,8,8,423
678061,Ray Kerr,2024,22.33,14,14,27,7,3,4,103
678368,Valente Bellozo,2024,68.67,31,28,44,21,2,15,295
678368,Valente Bellozo,2025,81.33,44,42,54,23,4,15,348
678394,Brayan Bello,2024,162.33,84,81,153,64,11,19,702
678394,Brayan Bello,2025,166.67,71,62,124,59,13,16,700
678394,Brayan Bello,2026,94.67,56,51,70,31,5,11,415
678495,Randy Rodríguez,2024,52.33,29,25,53,18,3,4,221
678692,Ronny Henriquez,2024,19.33,8,7,15,5,2,2,82
678868,Eddy Yean,2026,10.0,2,2,6,2,1,1,39
678906,Kai-Wei Teng,2025,29.67,24,21,39,17,7,2,139
678906,Kai-Wei Teng,2026,73.33,42,38,72,31,13,10,326
679156,Walter Pennington,2024,17.33,7,6,16,11,2,1,82
679525,Alec Marsh,2024,129.0,70,65,123,39,11,19,548
679775,Kyle Backhus,2026,20.0,12,11,20,6,2,3,94
679883,Luinder Avila,2026,70.0,43,43,61,42,2,7,309
680570,Grayson Rodriguez,2024,116.67,52,50,130,36,5,15,491
680570,Grayson Rodriguez,2026,77.67,57,52,72,33,6,12,348
680573,Simeon Woods Richardson,2024,133.67,63,62,117,48,3,16,569
680573,Simeon Woods Richardson,2025,111.33,53,50,107,46,3,17,471
680573,Simeon Woods Richardson,2026,47.67,46,41,26,25,2,9,227
680684,Gunnar Hoglund,2025,32.33,23,23,23,11,0,10,139
680686,Josiah Gray,2024,8.33,13,13,9,5,0,2,44
680689,Lyon Richardson,2026,1.67,0,0,1,1,0,0,6
680694,Kyle Bradish,2024,39.33,12,12,53,15,3,2,163
680694,Kyle Bradish,2025,32.0,9,9,47,10,1,3,126
680694,Kyle Bradish,2026,148.0,75,66,137,64,3,17,633
680704,Nick Sandlin,2024,57.67,29,24,68,27,6,12,246
680730,Mitchell Parker,2024,151.0,82,72,133,43,2,18,646
680730,Mitchell Parker,2025,164.67,116,104,103,58,4,25,725
680732,Sean Burke,2024,19.0,4,3,22,7,0,2,76
680732,Sean Burke,2025,134.33,76,63,133,63,6,23,596
680732,Sean Burke,2026,154.67,57,55,167,54,8,18,635
680735,Austin Cox,2025,21.33,21,21,22,7,0,9,102
680736,Justin Wrobleski,2024,36.33,24,23,26,16,1,9,154
680736,Justin Wrobleski,2025,66.67,34,32,76,17,3,6,280
680736,Justin Wrobleski,2026,128.33,54,52,104,29,5,20,526
680742,Jonathan Bowlan,2024,2.67,4,4,3,3,0,3,17
680742,Jonathan Bowlan,2025,44.33,21,19,46,17,0,6,180
680744,Ty Madden,2024,23.0,12,11,17,8,1,2,101
680744,Ty Madden,2026,39.0,15,15,40,13,2,4,160
680755,Braydon Fisher,2025,50.0,15,15,62,19,3,4,202
680755,Braydon Fisher,2026,68.0,32,25,65,36,3,7,276
680802,Ryan Weiss,2026,26.0,24,22,30,20,0,8,131
680880,Grant Holman,2025,23.0,14,13,17,9,1,3,103
680885,Spencer Schwellenbach,2024,123.67,49,46,127,23,6,14,500
680885,Spencer Schwellenbach,2025,110.67,44,38,108,18,2,13,434
680897,Nick Nastrini,2024,35.67,33,28,26,36,1,7,174
680951,Doug Nikhazy,2025,4.0,6,6,5,6,0,0,23
681035,Christian Scott,2024,47.33,24,24,39,12,2,8,197
681035,Christian Scott,2026,94.67,41,40,113,44,9,10,412
681066,Ky Bush,2024,17.67,11,11,11,16,1,2,87
681151,Jayden Murray,2025,11.67,2,2,8,3,0,0,47
681190,Randy Vásquez,2024,98.0,56,53,62,29,6,13,431
681190,Randy Vásquez,2025,133.67,59,57,78,52,7,16,570
681190,Randy Vásquez,2026,127.67,61,57,79,35,5,15,535
681217,Chase Silseth,2024,8.0,7,6,12,4,0,3,38
681293,Spencer Arrighetti,2024,145.0,80,73,171,65,7,21,632
681293,Spencer Arrighetti,2025,35.33,21,21,31,20,3,6,156
681293,Spencer Arrighetti,2026,11.0,9,8,10,5,0,3,49
681343,Shane Smith,2025,146.33,70,62,145,58,12,17,616
681343,Shane Smith,2026,8.33,12,10,11,9,1,1,49
681347,Mike Burrows,2025,96.0,43,42,97,31,5,13,402
681347,Mike Burrows,2026,94.67,69,63,75,35,4,21,423
681432,Luke Little,2024,26.0,11,10,28,18,4,1,109
681517,Kyle Leahy,2025,88.0,32,30,80,28,1,5,363
681517,Kyle Leahy,2026,129.33,45,45,118,38,5,13,545
681810,Austin Warren,2026,40.33,20,19,46,20,3,5,180
681857,Reese Olson,2024,112.33,51,44,101,33,4,7,465
681857,Reese Olson,2025,68.67,24,24,65,25,5,5,285
681867,Cooper Criswell,2024,99.33,52,45,73,31,7,10,424
681867,Cooper Criswell,2025,17.67,10,7,9,5,0,3,80
681869,Shawn Dubin,2024,45.33,25,21,49,26,2,3,207
682052,Jacob Lopez,2024,10.33,7,6,8,7,2,2,46
682052,Jacob Lopez,2025,92.67,47,42,113,37,8,15,399
682052,Jacob Lopez,2026,99.0,56,53,96,50,4,15,441
682227,Brandon Williamson,2024,14.33,7,6,12,5,2,4,59
682227,Brandon Williamson,2026,28.0,19,19,19,20,3,4,128
682243,Bryce Miller,2024,180.33,62,59,171,45,3,21,704
682243,Bryce Miller,2025,90.33,57,57,74,34,3,17,392
682243,Bryce Miller,2026,94.0,47,43,92,25,1,17,376
682254,Mason Montgomery,2026,56.67,20,19,89,22,1,5,232
682610,Roddery Muñoz,2024,82.67,66,60,70,42,5,26,379
682847,Luis Ortiz,2024,135.67,56,50,107,42,9,16,556
682847,Luis Ortiz,2025,88.67,44,43,96,42,1,12,382
682989,Victor Mederos,2025,17.0,14,14,14,12,3,4,81
682990,Quinn Priester,2024,44.67,29,25,31,13,2,7,201
682990,Quinn Priester,2025,157.33,62,58,132,50,6,18,653
683003,Jared Jones,2024,121.67,60,56,132,39,5,18,504
683003,Jared Jones,2026,72.67,40,39,83,27,2,12,312
683004,Jack Leiter,2024,35.67,39,35,31,17,3,7,173
683004,Jack Leiter,2025,151.67,69,65,148,67,5,18,646
683004,Jack Leiter,2026,80.0,50,47,83,35,4,14,355
683155,Joey Estes,2024,127.67,73,71,92,27,10,23,543
683155,Joey Estes,2025,11.0,12,12,6,6,1,4,55
683155,Joey Estes,2026,4.33,4,4,4,1,0,1,18
683352,Mitch Bratt,2026,44.0,23,23,30,27,1,5,194
683363,Matt Wilkinson,2026,11.67,6,6,6,2,0,1,47
683618,Edgardo Henriquez,2026,55.33,23,17,63,23,6,1,220
683627,Anthony Molina,2024,59.67,46,45,41,22,2,5,264
683627,Anthony Molina,2025,34.67,30,28,24,6,2,12,160
683627,Anthony Molina,2026,5.0,4,3,2,1,0,1,21
684007,Shota Imanaga,2024,173.33,66,56,174,28,3,27,694
684007,Shota Imanaga,2025,144.67,62,60,117,26,1,31,567
684007,Shota Imanaga,2026,150.33,69,67,148,35,6,33,616
684320,Yariel Rodríguez,2024,86.67,46,43,85,40,3,11,368
684320,Yariel Rodríguez,2025,73.0,26,25,66,34,6,8,298
684442,Kohl Drake,2026,20.67,15,15,17,7,4,5,95
685107,Anthony Veneziano,2025,21.0,11,11,20,10,1,4,100
685116,Austin Kitchen,2024,7.0,12,11,4,3,0,1,42
685126,Brandon Eisert,2025,69.67,36,34,74,25,5,12,306
685126,Brandon Eisert,2026,27.33,19,18,32,8,0,6,117
685299,Tanner Gordon,2024,34.33,34,33,26,6,2,10,160
685299,Tanner Gordon,2025,75.33,60,53,62,17,3,16,337
685299,Tanner Gordon,2026,88.67,53,51,72,16,2,17,383
685326,McCade Brown,2025,25.67,21,21,23,17,5,6,126
685801,Hunter Bigge,2024,14.0,4,4,19,3,0,2,58
686218,Emmet Sheehan,2025,73.33,29,23,89,22,2,7,291
686218,Emmet Sheehan,2026,95.33,57,56,108,30,8,20,412
686563,Jonathan Cannon,2024,124.33,65,62,91,40,4,18,522
686563,Jonathan Cannon,2025,103.67,69,67,86,38,6,19,466
686613,Hunter Brown,2024,170.0,71,66,179,60,5,18,712
686613,Hunter Brown,2025,185.33,55,50,206,57,7,17,729
686613,Hunter Brown,2026,81.0,32,30,86,44,4,10,340
686642,Fraser Ellard,2025,17.0,9,8,22,19,1,1,74
686701,Ryan Bergert,2025,35.67,11,11,34,18,1,4,149
686730,Carson Spiers,2024,90.67,59,55,80,27,5,20,410
686730,Carson Spiers,2025,13.33,9,9,11,7,1,3,60
686751,Seth Johnson,2024,2.33,9,9,0,3,0,1,18
686752,Ryan Pepiot,2024,130.0,58,52,142,48,7,17,539
686752,Ryan Pepiot,2025,167.67,77,72,167,61,6,26,679
686790,Trevor McDonald,2025,15.0,6,3,14,2,0,1,60
686790,Trevor McDonald,2026,70.33,43,40,57,23,12,7,310
686796,Blake Walston,2024,18.33,12,9,18,10,3,4,83
686799,Jack Kochanowicz,2024,65.33,30,29,25,10,8,7,266
686799,Jack Kochanowicz,2025,111.0,89,84,72,58,7,21,512
686799,Jack Kochanowicz,2026,64.0,47,44,47,36,5,7,296
686930,Mason Barnett,2025,22.33,18,17,18,11,1,3,104
686930,Mason Barnett,2026,40.67,33,32,38,24,2,12,185
686973,Louis Varland,2024,49.67,44,42,49,16,4,12,238
686973,Louis Varland,2025,49.0,14,11,47,13,2,3,197
686993,Justin Sterner,2025,65.0,24,23,70,21,7,10,266
687064,Brandon Young,2025,57.67,42,40,47,22,0,12,256
687064,Brandon Young,2026,130.33,58,49,103,46,2,17,556
687075,Brandon Sproat,2025,20.67,11,11,17,7,2,0,84
687075,Brandon Sproat,2026,95.67,57,56,100,48,9,17,414
687134,Bradley Blalock,2024,1.0,0,0,0,1,0,0,4
687134,Bradley Blalock,2025,58.67,61,61,27,23,3,17,275
687223,Carson Palmquist,2025,34.33,35,34,27,25,3,10,175
687223,Carson Palmquist,2026,16.33,14,14,15,8,3,1,78
687273,Quinn Mathews,2026,19.67,11,11,20,8,1,1,89
687312,Gabriel Hughes,2026,52.33,36,36,42,21,2,5,231
687362,Connor Gillispie,2025,26.0,26,25,23,11,1,6,123
687424,Anthony Maldonado,2024,19.0,12,12,11,7,0,1,82
687473,Ryan Gusto,2025,15.67,17,17,10,8,2,4,74
687473,Ryan Gusto,2026,67.67,32,29,57,20,4,8,298
687562,Jake Bennett,2026,93.67,35,34,74,18,3,7,373
687570,Connor Prielipp,2026,104.0,69,61,111,40,6,13,450
687606,Paxton Schultz,2025,24.67,16,12,28,8,1,4,110
687606,Paxton Schultz,2026,32.33,26,23,32,12,1,5,153
687765,Mitch Spence,2024,151.33,79,77,126,44,6,20,651
687765,Mitch Spence,2025,84.67,57,48,66,26,4,16,375
687765,Mitch Spence,2026,9.33,22,22,6,9,0,3,56
687792,DJ Herz,2024,88.67,45,41,106,36,3,11,382
687830,Sawyer Gipson-Long,2025,31.33,26,25,26,6,2,8,133
687888,Brandon Walter,2025,53.67,20,20,52,4,3,10,212
687911,Bryan King,2026,53.0,30,28,44,19,6,8,238
687922,Easton Lucas,2025,24.33,18,18,23,12,0,5,108
687924,Julian Aguiar,2024,31.67,22,22,19,12,5,8,140
687931,Carson Whisenhunt,2025,23.33,14,13,16,12,2,6,102
687931,Carson Whisenhunt,2026,34.67,26,25,26,21,1,5,164
687941,Alec Gamboa,2026,26.0,4,3,18,7,1,1,100
688107,Robert Gasser,2024,28.0,9,8,16,1,3,2,114
688107,Robert Gasser,2025,5.67,6,2,5,4,2,1,29
688107,Robert Gasser,2026,86.67,46,44,82,27,8,13,377
688138,Logan Evans,2025,81.33,45,39,59,31,4,13,350
688158,David Morgan,2025,47.33,14,14,50,23,2,4,193
688642,Zach Agnos,2026,79.67,52,48,53,28,5,9,350
689017,Landon Knack,2024,69.0,28,28,69,18,3,14,286
689017,Landon Knack,2025,42.33,25,23,42,19,2,10,185
689147,Orion Kerkering,2024,63.0,20,16,74,17,8,2,257
689225,Beau Brieske,2024,67.67,31,27,69,30,2,5,282
689225,Beau Brieske,2025,22.0,20,16,16,12,0,5,103
689254,Mason Fluharty,2026,55.0,21,21,59,24,1,6,232
689441,Coleman Crow,2026,18.67,13,11,10,6,1,2,85
689672,Drew Thorpe,2024,44.33,29,27,25,21,1,8,190
689818,David Sandlin,2026,24.67,19,19,24,12,1,6,106
689958,Andrew Walters,2024,8.67,1,0,6,5,0,0,32
689981,River Ryan,2024,20.33,4,3,18,9,0,1,81
690279,Mason Adams,2026,9.0,3,3,10,5,0,2,38
690829,Ben Joyce,2024,34.67,8,8,33,14,4,1,142
690916,Richard Fitts,2024,20.67,6,4,9,7,0,0,85
690916,Richard Fitts,2025,45.0,27,25,40,16,3,11,195
690928,Hunter Dobbins,2025,61.0,30,28,45,17,2,6,256
690928,Hunter Dobbins,2026,54.0,24,22,52,24,2,7,231
690953,Mick Abel,2025,25.0,14,14,21,9,1,7,108
690953,Mick Abel,2026,20.33,9,9,23,10,3,0,93
690986,Kyle Harrison,2024,124.33,65,63,118,42,7,18,532
690986,Kyle Harrison,2025,23.67,12,12,25,9,0,4,100
690986,Kyle Harrison,2026,107.0,46,41,130,29,4,19,447
690990,Cade Horton,2025,118.0,40,35,97,33,6,10,476
690990,Cade Horton,2026,7.33,2,2,4,2,0,1,26
690997,Nolan McLean,2025,48.0,13,11,57,16,2,4,188
690997,Nolan McLean,2026,155.67,65,53,172,61,15,15,644
691441,Cristian Mena,2024,3.0,4,4,2,3,0,2,15
691587,Eury Pérez,2025,95.33,47,45,105,32,3,12,385
691587,Eury Pérez,2026,130.67,56,50,142,56,8,14,530
691725,Andrew Painter,2026,98.33,65,65,85,37,5,17,432
691799,Grant Taylor,2025,36.67,20,20,54,15,0,0,157
691799,Grant Taylor,2026,72.0,22,16,94,24,1,4,285
691946,George Klassen,2026,27.0,13,11,24,21,1,2,125
691951,Sam Aldegheri,2024,13.0,12,7,10,10,2,2,67
691951,Sam Aldegheri,2025,13.67,14,12,12,10,4,3,73
691951,Sam Aldegheri,2026,33.67,21,19,22,17,1,5,151
692230,Carlos Rodriguez,2024,12.33,11,10,9,3,0,3,57
693313,Carson Seymour,2025,36.0,21,19,26,13,1,9,156
693433,Bryan Woo,2024,121.33,41,39,101,13,3,14,472
693433,Bryan Woo,2025,186.67,64,61,198,36,4,26,731
693433,Bryan Woo,2026,148.33,75,70,149,31,7,18,606
693645,Cam Schlittler,2025,73.0,24,24,84,31,5,8,304
693645,Cam Schlittler,2026,163.67,45,38,201,42,6,14,651
693686,Spencer Miles,2026,84.33,29,27,77,21,1,5,340
693821,Bryce Elder,2024,49.67,37,36,46,17,2,8,226
693821,Bryce Elder,2025,156.33,95,92,131,51,6,24,679
693821,Bryce Elder,2026,149.0,74,68,121,49,3,24,633
693855,Ian Seymour,2025,57.0,33,23,64,19,3,5,242
693855,Ian Seymour,2026,113.33,57,53,138,32,4,20,470
694297,Brandon Pfaadt,2024,181.67,103,95,185,42,4,24,760
694297,Brandon Pfaadt,2025,176.67,107,103,147,37,12,26,767
694297,Brandon Pfaadt,2026,111.0,47,43,73,27,5,13,455
694335,Matt Svanson,2026,43.33,39,35,41,21,2,5,207
694341,Brendan Beck,2026,7.67,7,7,5,5,0,4,34
694346,Trey Gibson,2026,33.0,27,27,30,25,1,7,161
694360,Beck Way,2026,23.33,13,10,21,10,1,4,105
694361,Will Klein,2026,41.67,22,17,49,21,3,3,189
694363,Jared Shuster,2024,73.33,38,35,56,33,0,9,321
694363,Jared Shuster,2025,15.67,15,14,12,5,2,0,82
694462,Hurston Waldrep,2024,7.0,13,13,3,8,1,3,36
694462,Hurston Waldrep,2025,56.33,18,18,55,22,3,3,229
694462,Hurston Waldrep,2026,10.67,10,10,9,10,2,3,56
694477,Chad Patrick,2025,119.67,49,47,127,40,4,13,503
694477,Chad Patrick,2026,96.33,36,36,83,38,2,10,396
694646,Chayce McDermott,2024,4.0,3,3,3,2,0,1,18
694646,Chayce McDermott,2025,8.67,15,15,9,12,1,3,51
694738,Landen Roupp,2024,50.33,21,20,47,26,1,2,217
694738,Landen Roupp,2025,106.67,55,45,102,45,3,11,476
694738,Landen Roupp,2026,139.67,71,66,133,66,5,11,595
694813,Gavin Stone,2024,140.33,55,55,116,37,2,18,580
694819,Jacob Misiorowski,2025,66.0,34,32,87,31,3,8,273
694819,Jacob Misiorowski,2026,151.0,37,29,222,35,9,13,571
694918,Blade Tidwell,2025,15.0,15,15,10,10,1,4,78
694918,Blade Tidwell,2026,37.67,19,19,31,13,2,5,154
694973,Paul Skenes,2024,133.0,31,29,170,32,6,10,514
694973,Paul Skenes,2025,187.67,45,41,216,42,6,11,733
694973,Paul Skenes,2026,149.67,74,66,179,44,9,15,619
695034,Kade Morris,2026,14.67,16,16,10,6,2,4,75
695076,Rhett Lowder,2024,30.67,4,4,22,14,0,0,128
695076,Rhett Lowder,2026,112.0,66,64,88,43,4,16,499
695418,Brad Lord,2025,130.67,65,63,108,43,3,17,546
695418,Brad Lord,2026,69.67,30,29,64,28,7,8,297
695505,Chase Burns,2025,43.33,25,22,67,16,0,5,188
695505,Chase Burns,2026,145.33,50,45,171,50,1,15,592
695534,Chase Petty,2025,6.0,14,13,7,8,1,3,40
695534,Chase Petty,2026,31.67,19,17,15,9,3,6,139
695549,Jackson Jobe,2025,49.0,24,23,39,27,2,7,218
695549,Jackson Jobe,2026,23.33,13,12,19,10,3,4,104
695611,Gage Jump,2026,92.67,55,53,99,45,3,10,407
695684,Elmer Rodríguez,2026,26.67,16,16,21,16,5,2,125
696070,Kendry Rojas,2026,29.67,11,11,34,22,1,2,130
696131,Mason Black,2024,36.33,26,26,31,15,3,7,169
696136,Jordan Wicks,2024,46.0,31,28,42,20,2,9,212
696136,Jordan Wicks,2026,10.33,12,12,8,2,1,1,50
696149,Bubba Chandler,2025,31.33,14,14,31,4,3,2,124
696149,Bubba Chandler,2026,131.0,72,62,117,68,6,11,569
696270,Ryan Johnson,2026,72.33,49,44,52,36,4,16,316
699134,Bradgley Rodriguez,2026,62.33,21,14,67,18,0,3,257
699151,Jedixson Paez,2026,3.0,6,6,0,3,0,2,16
700241,Michael McGreevy,2024,23.0,5,5,18,2,1,1,86
700241,Michael McGreevy,2025,95.67,50,47,58,20,3,12,400
700241,Michael McGreevy,2026,147.33,69,65,102,40,1,20,608
700249,Cade Povich,2024,79.67,49,46,69,34,3,12,352
700249,Cade Povich,2025,112.33,70,65,118,43,1,17,488
700249,Cade Povich,2026,33.33,15,15,25,13,1,5,142
700270,Yilber Díaz,2024,28.33,13,12,19,12,0,3,119
700363,AJ Smith-Shawver,2024,4.33,0,0,4,2,0,0,18
700363,AJ Smith-Shawver,2025,44.33,20,19,42,21,1,4,192
700363,AJ Smith-Shawver,2026,17.67,14,14,15,11,0,2,84
700669,Gordon Graceffo,2024,7.67,4,4,6,2,0,1,31
700669,Gordon Graceffo,2026,68.33,24,22,45,30,2,5,269
700712,Walbert Ureña,2026,123.33,46,39,120,64,8,8,525
700842,Eduardo Rivera,2026,10.0,7,7,10,6,0,1,44
701487,Pierson Ohl,2025,30.0,22,17,27,7,0,5,133
701519,Travis Adams,2025,33.67,29,28,31,17,3,6,158
701542,Will Warren,2024,22.67,27,26,29,10,1,5,110
701542,Will Warren,2025,162.33,90,80,171,65,4,22,711
701542,Will Warren,2026,134.0,76,63,133,46,4,20,586
701581,David Festa,2024,64.33,36,35,77,23,2,9,277
701581,David Festa,2025,53.33,35,32,53,19,4,10,229
701656,Logan Henderson,2025,25.33,5,5,33,8,0,3,99
701656,Logan Henderson,2026,76.33,21,21,86,14,1,11,286
701719,Tyler Samaniego,2026,20.33,8,6,17,8,2,1,90
702021,Will Dion,2026,17.67,4,4,17,7,0,2,63
702056,Trey Yesavage,2025,14.0,5,5,16,7,0,0,62
702056,Trey Yesavage,2026,93.67,39,38,91,46,2,10,386
702070,Noah Cameron,2025,138.33,46,46,114,43,3,18,556
702070,Noah Cameron,2026,149.33,71,66,131,48,3,15,625
702193,Andrew Morris,2026,64.67,34,28,59,22,2,4,280
702273,Noah Schultz,2026,65.33,45,44,59,31,8,9,291
702275,JR Ritchie,2026,58.0,32,29,53,36,5,9,256
702281,Robby Snelling,2026,5.0,3,3,2,4,0,1,22
702303,Riley Martin,2026,8.33,2,2,10,2,0,1,31
702352,Spencer Bivens,2024,48.67,20,17,37,11,1,9,202
702474,Mike Paredes,2026,34.33,19,18,19,13,3,6,154
702566,Owen Murphy,2026,6.67,5,3,6,2,1,1,29
702674,Caden Dana,2024,10.33,12,11,8,7,1,5,52
702674,Caden Dana,2025,32.33,24,23,33,18,1,9,141
703615,Jose Cabrera,2026,22.0,13,13,16,8,3,4,99
800048,Parker Messick,2025,39.67,12,12,38,6,0,4,165
800048,Parker Messick,2026,161.0,48,44,161,43,2,14,637
800049,Adam Mazur,2024,33.67,28,28,22,21,2,6,158
800049,Adam Mazur,2025,30.0,21,16,19,12,1,4,139
800311,Didier Fuentes,2025,13.0,20,20,12,6,2,6,69
800311,Didier Fuentes,2026,60.33,16,16,77,19,2,4,247
800600,Jackson Kent,2026,19.33,12,12,17,15,0,1,88
801139,Payton Tolle,2025,16.33,12,11,19,8,0,5,74
801139,Payton Tolle,2026,131.0,51,47,147,37,4,15,530
801403,Chase Dollander,2025,98.0,76,71,82,49,6,18,441
801403,Chase Dollander,2026,44.0,19,19,47,18,3,6,189
802419,Thomas Harrington,2025,8.67,15,15,7,7,0,3,50
804267,Zac Thornton,2026,61.33,21,20,45,14,2,7,245
804636,Jonah Tong,2025,18.67,20,16,22,9,0,3,87
805074,Yunior Marte,2026,4.67,1,1,3,2,0,0,18
805123,AJ Blubaugh,2025,32.0,11,6,35,11,0,6,124
805673,Zebby Matthews,2024,37.67,31,28,43,11,2,11,177
805673,Zebby Matthews,2025,79.33,50,49,88,24,0,12,354
805673,Zebby Matthews,2026,112.0,62,57,93,32,4,19,467
806185,Hayden Birdsong,2024,72.0,39,38,88,43,4,11,315
806185,Hayden Birdsong,2025,65.67,42,35,68,37,5,10,298
806188,Cade Gibson,2025,54.67,18,16,43,21,6,3,230
806188,Cade Gibson,2026,39.67,29,25,32,19,6,3,180
806960,Luis Morales,2025,48.67,18,17,43,18,1,8,199
806960,Luis Morales,2026,16.0,26,24,13,14,1,7,90
807739,Kade Anderson,2026,10.0,5,5,8,5,0,2,41
807743,Sean Sullivan,2026,22.33,22,22,16,11,3,5,114
808963,Roki Sasaki,2025,36.33,18,18,28,22,3,6,161
808963,Roki Sasaki,2026,119.33,63,61,117,48,5,22,511
808967,Yoshinobu Yamamoto,2024,90.0,32,30,105,22,1,7,368
808967,Yoshinobu Yamamoto,2025,173.67,53,48,201,59,3,14,684
808967,Yoshinobu Yamamoto,2026,158.0,46,45,153,36,6,16,607
813349,Connelly Early,2025,19.33,6,5,29,4,1,0,79
813349,Connelly Early,2026,91.67,35,35,93,34,9,15,390
814005,Jake Bloss,2024,11.67,9,9,11,3,0,5,55
814490,Ethan Pecko,2026,13.0,10,9,9,9,1,4,58
815083,Mitch Farris,2025,24.33,19,18,24,11,1,4,107
829272,Shinnosuke Ogasawara,2025,38.67,30,30,30,17,3,9,173
837227,Tatsuya Imai,2026,70.67,42,42,88,47,4,9,315
