Schluessel,Wert
modell_sigma_differenz,13.04
modell_sigma_summe,13.28
markt_sigma_differenz,12.7
markt_sigma_summe,13.18
abw_spread_0,47.7|597
abw_total_0,51.5|604
abw_spread_3,46.9|192
abw_total_3,51.1|182
abw_spread_5,45.6|79
abw_total_5,44.3|61
td_c,0.0675
td_b,0.7
td_n,6447
td_verlust,0.4895
td_verlust_schnitt,0.5154
td_quote,0.2111
td_fach_0.0-0.1,0.05|0.102|1170
td_fach_0.1-0.2,0.153|0.135|2065
td_fach_0.2-0.3,0.246|0.227|1834
td_fach_0.3-0.4,0.342|0.352|934
td_fach_0.4-0.5,0.441|0.469|388
td_fach_0.5-0.6,0.533|0.661|56
rueckblick_woche,2026|3
