Spiel,Saison,Woche,Zeit,Heim,Gast,Neutral,Spread,Total,QSpreadHeim,QSpreadGast,QOver,QUnder,QSiegHeim,QSiegGast,MarktPktHeim,MarktPktGast,ModellPktHeim,ModellPktGast,Dach,Wind
2026_04_IND_WAS,2026,4,2026-10-04T13:30:00Z,WAS,IND,1,-4.5,46.5,1.909,1.909,1.909,1.909,2.8,1.459,20.6,25.91,26.48,28.79,outdoors,
2026_04_TEN_BAL,2026,4,2026-10-04T17:00:00Z,BAL,TEN,0,11.5,41.5,1.909,1.909,1.87,1.952,1.143,6.0,26.99,14.88,29.21,17.35,outdoors,
2026_04_NE_BUF,2026,4,2026-10-04T17:00:00Z,BUF,NE,0,7.0,50.5,1.952,1.87,1.952,1.87,1.328,3.45,29.07,21.08,25.83,21.58,outdoors,
2026_04_NYJ_CHI,2026,4,2026-10-04T17:00:00Z,CHI,NYJ,0,3.5,43.5,1.893,1.926,2.0,1.833,1.541,2.54,23.68,19.12,28.22,17.88,outdoors,
2026_04_JAX_CIN,2026,4,2026-10-04T17:00:00Z,CIN,JAX,0,2.5,51.5,1.87,1.952,1.98,1.847,1.704,2.2,26.53,24.39,22.66,26.87,outdoors,
2026_04_DAL_HOU,2026,4,2026-10-04T17:00:00Z,HOU,DAL,0,3.0,48.5,1.952,1.87,1.893,1.926,1.676,2.24,25.72,22.93,26.47,22.22,nan,
2026_04_ARI_NYG,2026,4,2026-10-04T17:00:00Z,NYG,ARI,0,-2.5,44.5,1.926,1.893,1.926,1.893,2.14,1.741,21.22,23.15,22.98,21.35,outdoors,
2026_04_LA_PHI,2026,4,2026-10-04T17:00:00Z,PHI,LA,0,-3.5,42.5,1.926,1.893,1.893,1.926,2.5,1.556,19.05,23.61,20.87,22.38,outdoors,
2026_04_GB_TB,2026,4,2026-10-04T17:00:00Z,TB,GB,0,-3.0,38.5,1.926,1.893,1.87,1.952,2.4,1.602,17.83,21.07,24.3,22.8,outdoors,
2026_04_MIA_MIN,2026,4,2026-10-04T20:05:00Z,MIN,MIA,0,10.0,38.5,1.952,1.87,1.893,1.926,1.192,4.9,24.7,13.98,24.24,15.17,dome,
2026_04_KC_LV,2026,4,2026-10-04T20:25:00Z,LV,KC,0,-4.5,47.5,1.952,1.87,1.87,1.952,2.85,1.444,21.1,26.76,18.68,22.66,dome,
2026_04_LAC_SEA,2026,4,2026-10-04T20:25:00Z,SEA,LAC,0,7.0,42.5,1.87,1.952,1.847,1.98,1.267,3.95,25.87,17.22,24.56,16.24,outdoors,
2026_04_DEN_SF,2026,4,2026-10-04T20:25:00Z,SF,DEN,0,3.0,48.5,2.0,1.833,1.952,1.87,1.676,2.24,25.3,22.84,24.82,21.25,outdoors,
2026_04_DET_CAR,2026,4,2026-10-05T00:20:00Z,CAR,DET,0,-3.5,51.5,1.952,1.87,1.98,1.847,2.6,1.521,23.08,27.85,24.95,28.95,outdoors,
2026_04_ATL_NO,2026,4,2026-10-06T00:15:00Z,NO,ATL,0,1.5,47.5,1.87,1.952,1.893,1.926,1.769,2.1,24.46,23.19,22.97,20.3,dome,
