Spiel,Team,Gegner,SpielerId,Name,Position,Status,ChancenRZ,ChancenGL,Anteil,Lambda,P,Quelle
2026_05_BAL_ATL,ATL,BAL,00-0038542,Bijan Robinson,RB,,3.62,1.11,0.364,0.6485,0.4772,markt
2026_05_BAL_ATL,ATL,BAL,00-0037746,Brian Robinson,RB,,1.47,0.27,0.119,0.2967,0.2567,markt
2026_05_BAL_ATL,ATL,BAL,00-0037238,Drake London,WR,,0.53,0.11,0.102,0.267,0.2343,markt
2026_05_BAL_ATL,ATL,BAL,00-0032392,Austin Hooper,TE,,0.38,0.26,0.078,0.2211,0.1983,markt
2026_05_BAL_ATL,ATL,BAL,00-0031279,Jake Matthews,OL,,0.35,0.35,0.077,0.2184,0.1962,markt
2026_05_BAL_ATL,ATL,BAL,00-0036970,Kyle Pitts,TE,,0.42,0.04,0.067,0.198,0.1797,markt
2026_05_BAL_ATL,ATL,BAL,00-0035208,Olamide Zaccheaus,WR,,0.48,0.04,0.061,0.1859,0.1697,markt
2026_05_BAL_ATL,ATL,BAL,00-0039917,Michael Penix Jr.,QB,,0.28,0.17,0.036,0.1291,0.1211,markt
2026_05_BAL_ATL,ATL,BAL,00-0037741,Jahan Dotson,WR,,0.17,0.0,0.032,0.1188,0.112,markt
2026_05_BAL_ATL,ATL,BAL,00-0036429,Charlie Woerner,TE,,0.33,0.0,0.032,0.1187,0.1119,markt
2026_05_BAL_ATL,ATL,BAL,00-0036463,Chris Blair,WR,,0.0,0.0,0.012,0.0599,0.0582,markt
2026_05_BAL_ATL,ATL,BAL,00-0041044,Zachariah Branch,WR,,0.0,0.0,0.011,0.0578,0.0561,markt
2026_05_BAL_ATL,ATL,BAL,00-0036212,Tua Tagovailoa,QB,,0.14,0.0,0.007,0.0408,0.04,markt
2026_05_BAL_ATL,BAL,ATL,00-0032764,Derrick Henry,RB,,4.53,2.0,0.432,0.7688,0.5365,markt
2026_05_BAL_ATL,BAL,ATL,00-0034753,Mark Andrews,TE,,0.85,0.33,0.125,0.3229,0.2759,markt
2026_05_BAL_ATL,BAL,ATL,00-0039064,Zay Flowers,WR,,0.97,0.05,0.11,0.2957,0.256,markt
2026_05_BAL_ATL,BAL,ATL,00-0036550,Rashod Bateman,WR,,0.54,0.16,0.075,0.2259,0.2022,markt
2026_05_BAL_ATL,BAL,ATL,00-0034796,Lamar Jackson,QB,,1.02,0.25,0.067,0.2094,0.1889,markt
2026_05_BAL_ATL,BAL,ATL,00-0040879,Matthew Hibner,TE,,0.28,0.28,0.062,0.1982,0.1798,markt
2026_05_BAL_ATL,BAL,ATL,00-0034975,Justice Hill,RB,,0.14,0.04,0.028,0.1143,0.1081,markt
2026_05_BAL_ATL,BAL,ATL,00-0034798,Durham Smythe,TE,,0.24,0.02,0.025,0.1052,0.0999,markt
2026_05_BAL_ATL,BAL,ATL,00-0035993,Tyler Huntley,QB,,0.58,0.01,0.021,0.0941,0.0898,markt
2026_05_BAL_ATL,BAL,ATL,00-0039796,Rasheen Ali,RB,,0.26,0.0,0.019,0.0875,0.0838,markt
2026_05_BAL_ATL,BAL,ATL,00-0039792,Devontez Walker,WR,,0.02,0.02,0.013,0.0658,0.0636,markt
2026_05_BAL_ATL,BAL,ATL,00-0040075,LaJohntay Wester,WR,,0.0,0.0,0.009,0.0522,0.0508,markt
2026_05_BAL_ATL,BAL,ATL,00-0040876,Elijah Sarratt,WR,,0.0,0.0,0.008,0.0472,0.0461,markt
2026_05_BUF_LA,BUF,LA,00-0037248,James Cook,RB,,3.31,0.97,0.219,0.5142,0.402,markt
2026_05_BUF_LA,BUF,LA,00-0034857,Josh Allen,QB,,1.89,1.15,0.171,0.433,0.3515,markt
2026_05_BUF_LA,BUF,LA,00-0037261,Khalil Shakir,WR,,0.9,0.14,0.09,0.2765,0.2415,markt
2026_05_BUF_LA,BUF,LA,00-0035537,Ty Johnson,RB,,1.38,0.31,0.086,0.2671,0.2344,markt
2026_05_BUF_LA,BUF,LA,00-0034827,DJ Moore,WR,,0.77,0.14,0.079,0.2518,0.2226,markt
2026_05_BUF_LA,BUF,LA,00-0039901,Keon Coleman,WR,,0.6,0.27,0.079,0.2518,0.2226,markt
2026_05_BUF_LA,BUF,LA,00-0035689,Dawson Knox,TE,,0.64,0.28,0.073,0.2393,0.2128,markt
2026_05_BUF_LA,BUF,LA,00-0035500,Greg Dortch,WR,,0.64,0.09,0.051,0.1857,0.1694,markt
2026_05_BUF_LA,BUF,LA,00-0039875,Ray Davis,RB,,0.57,0.2,0.048,0.178,0.1631,markt
2026_05_BUF_LA,BUF,LA,00-0038933,Dalton Kincaid,TE,,0.36,0.04,0.043,0.1655,0.1526,markt
2026_05_BUF_LA,BUF,LA,00-0036988,Josh Palmer,WR,,0.22,0.06,0.032,0.1344,0.1257,markt
2026_05_BUF_LA,BUF,LA,00-0040194,Jackson Hawes,TE,,0.13,0.09,0.021,0.1004,0.0955,markt
2026_05_BUF_LA,BUF,LA,00-0040363,Keleki Latu,TE,,0.0,0.0,0.006,0.0402,0.0394,markt
2026_05_BUF_LA,LA,BUF,00-0037840,Kyren Williams,RB,,3.56,0.85,0.27,0.6318,0.4684,markt
2026_05_BUF_LA,LA,BUF,00-0031381,Davante Adams,WR,,1.44,0.45,0.197,0.5073,0.3979,markt
2026_05_BUF_LA,LA,BUF,00-0039075,Puka Nacua,WR,,1.08,0.49,0.179,0.4744,0.3777,markt
2026_05_BUF_LA,LA,BUF,00-0033110,Tyler Higbee,TE,,0.72,0.23,0.105,0.327,0.2789,markt
2026_05_BUF_LA,LA,BUF,00-0039738,Blake Corum,RB,,0.88,0.4,0.103,0.3227,0.2758,markt
2026_05_BUF_LA,LA,BUF,00-0040590,Konata Mumpfield,WR,,0.32,0.02,0.042,0.1717,0.1577,markt
2026_05_BUF_LA,LA,BUF,00-0026498,Matthew Stafford,QB,,0.57,0.15,0.036,0.1553,0.1439,markt
2026_05_BUF_LA,LA,BUF,00-0039074,Davis Allen,TE,,0.19,0.1,0.035,0.1523,0.1413,markt
2026_05_BUF_LA,LA,BUF,00-0036849,Tutu Atwell,WR,,0.05,0.0,0.014,0.0791,0.076,markt
2026_05_BUF_LA,LA,BUF,00-0039751,Jordan Whittington,WR,,0.05,0.0,0.012,0.073,0.0704,markt
2026_05_CHI_GB,CHI,GB,00-0036275,D'Andre Swift,RB,,3.37,1.29,0.215,0.4765,0.379,markt
2026_05_CHI_GB,CHI,GB,00-0040236,Kyle Monangai,RB,,2.96,1.11,0.185,0.4292,0.349,markt
2026_05_CHI_GB,CHI,GB,00-0040126,Colston Loveland,TE,,1.28,0.27,0.103,0.2852,0.2481,markt
2026_05_CHI_GB,CHI,GB,00-0039021,Roschon Johnson,RB,,1.55,0.56,0.1,0.2789,0.2434,markt
2026_05_CHI_GB,CHI,GB,00-0040735,Luther Burden III,WR,,0.99,0.13,0.08,0.2374,0.2113,markt
2026_05_CHI_GB,CHI,GB,00-0040277,Jahdae Walker,WR,,0.61,0.48,0.077,0.231,0.2062,markt
2026_05_CHI_GB,CHI,GB,00-0039919,Rome Odunze,WR,,0.64,0.25,0.074,0.2266,0.2027,markt
2026_05_CHI_GB,CHI,GB,00-0028986,Case Keenum,QB,,0.63,0.63,0.07,0.2176,0.1956,markt
2026_05_CHI_GB,CHI,GB,00-0032464,Kalif Raymond,WR,,0.58,0.0,0.044,0.1577,0.1459,markt
2026_05_CHI_GB,CHI,GB,00-0036290,Cole Kmet,TE,,0.16,0.01,0.018,0.084,0.0805,markt
2026_05_CHI_GB,CHI,GB,00-0041558,Sam Roush,TE,,0.25,0.0,0.018,0.0835,0.0801,markt
2026_05_CHI_GB,CHI,GB,00-0038416,Tyson Bagent,QB,,0.61,0.0,0.012,0.0615,0.0597,markt
2026_05_CHI_GB,GB,CHI,00-0039811,MarShawn Lloyd,RB,,2.64,0.47,0.191,0.4016,0.3308,markt
2026_05_CHI_GB,GB,CHI,00-0038124,Christian Watson,WR,,1.21,0.45,0.179,0.3836,0.3186,markt
2026_05_CHI_GB,GB,CHI,00-0038996,Tucker Kraft,TE,,1.22,0.37,0.158,0.3517,0.2965,markt
2026_05_CHI_GB,GB,CHI,00-0040667,Matthew Golden,WR,,0.72,0.15,0.105,0.2649,0.2327,markt
2026_05_CHI_GB,GB,CHI,00-0040142,Kaleb Johnson,RB,,0.52,0.4,0.083,0.2241,0.2007,markt
2026_05_CHI_GB,GB,CHI,00-0038685,Chris Brooks,RB,,0.96,0.14,0.062,0.1832,0.1674,markt
2026_05_CHI_GB,GB,CHI,00-0033858,Jonnu Smith,TE,,0.5,0.09,0.062,0.1822,0.1666,markt
2026_05_CHI_GB,GB,CHI,00-0038090,Skyy Moore,WR,,0.63,0.0,0.059,0.1771,0.1623,markt
2026_05_CHI_GB,GB,CHI,00-0036264,Jordan Love,QB,,0.37,0.11,0.028,0.1038,0.0986,markt
2026_05_CHI_GB,GB,CHI,00-0038589,Josh Whyle,TE,,0.14,0.07,0.026,0.1002,0.0953,markt
2026_05_CHI_GB,GB,CHI,00-0028118,Tyrod Taylor,QB,,0.51,0.0,0.02,0.084,0.0806,markt
2026_05_CHI_GB,GB,CHI,00-0040948,J. Michael Sturdivant,WR,,0.0,0.0,0.01,0.0501,0.0488,markt
2026_05_CHI_GB,GB,CHI,00-0037091,Bo Melton,WR,,0.01,0.0,0.009,0.0455,0.0445,markt
2026_05_CHI_GB,GB,CHI,00-0040598,Mark Redman,TE,,0.0,0.0,0.008,0.0447,0.0437,markt
2026_05_CIN_MIA,CIN,MIA,00-0038597,Chase Brown,RB,,2.37,0.71,0.231,0.522,0.4066,markt
2026_05_CIN_MIA,CIN,MIA,00-0036900,Ja'Marr Chase,WR,,1.15,0.24,0.157,0.3988,0.3289,markt
2026_05_CIN_MIA,CIN,MIA,00-0036410,Tee Higgins,WR,,0.83,0.13,0.119,0.3275,0.2793,markt
2026_05_CIN_MIA,CIN,MIA,00-0038839,Mitchell Tinsley,WR,,1.34,0.0,0.113,0.3163,0.2712,markt
2026_05_CIN_MIA,CIN,MIA,00-0034829,Mike Gesicki,TE,,0.67,0.34,0.108,0.3071,0.2644,markt
2026_05_CIN_MIA,CIN,MIA,00-0033526,Samaje Perine,RB,,0.96,0.17,0.066,0.2172,0.1952,markt
2026_05_CIN_MIA,CIN,MIA,00-0036442,Joe Burrow,QB,,0.97,0.27,0.064,0.2122,0.1912,markt
2026_05_CIN_MIA,CIN,MIA,00-0034613,Tanner Hudson,TE,,0.39,0.03,0.04,0.1515,0.1406,markt
2026_05_CIN_MIA,CIN,MIA,00-0026158,Joe Flacco,QB,,0.25,0.17,0.03,0.1249,0.1174,markt
2026_05_CIN_MIA,CIN,MIA,00-0035631,Drew Sample,TE,,0.2,0.03,0.029,0.1213,0.1142,markt
2026_05_CIN_MIA,CIN,MIA,00-0040785,Dohnte Meyers,WR,,0.0,0.0,0.023,0.104,0.0987,markt
2026_05_CIN_MIA,CIN,MIA,00-0039814,Erick All,TE,,0.03,0.0,0.013,0.0713,0.0688,markt
2026_05_CIN_MIA,CIN,MIA,00-0040208,Tahj Brooks,RB,,0.0,0.0,0.006,0.0418,0.0409,markt
2026_05_CIN_MIA,MIA,CIN,00-0040198,Ollie Gordon II,RB,,1.49,0.33,0.186,0.3365,0.2857,markt
2026_05_CIN_MIA,MIA,CIN,00-0039880,Malik Washington,WR,,0.73,0.09,0.139,0.2754,0.2407,markt
2026_05_CIN_MIA,MIA,CIN,00-0037252,Greg Dulcich,TE,,0.69,0.06,0.132,0.2654,0.2331,markt
2026_05_CIN_MIA,MIA,CIN,00-0039874,Jaylen Wright,RB,,0.95,0.22,0.118,0.2456,0.2178,markt
2026_05_CIN_MIA,MIA,CIN,00-0037666,Jalen Tolbert,WR,,0.27,0.06,0.071,0.1711,0.1573,markt
2026_05_CIN_MIA,MIA,CIN,00-0041529,Kevin Coleman Jr.,WR,,0.31,0.0,0.069,0.1682,0.1548,markt
2026_05_CIN_MIA,MIA,CIN,00-0038128,Malik Willis,QB,,0.45,0.06,0.052,0.1384,0.1293,markt
2026_05_CIN_MIA,MIA,CIN,00-0041525,Chris Bell,WR,,0.0,0.0,0.032,0.0982,0.0935,markt
2026_05_CIN_MIA,MIA,CIN,00-0038824,Ryan Miller,WR,,0.08,0.01,0.029,0.091,0.087,markt
2026_05_CIN_MIA,MIA,CIN,00-0041436,DJ Herman,RB,,0.0,0.0,0.02,0.0709,0.0685,markt
2026_05_CIN_MIA,MIA,CIN,00-0041524,Will Kacmarek,TE,,0.0,0.0,0.013,0.0512,0.05,markt
2026_05_CLE_NYJ,CLE,NYJ,00-0040784,Quinshon Judkins,RB,,2.5,0.85,0.286,0.4982,0.3924,markt
2026_05_CLE_NYJ,CLE,NYJ,00-0040663,Harold Fannin Jr.,TE,,0.74,0.38,0.15,0.3171,0.2717,markt
2026_05_CLE_NYJ,CLE,NYJ,00-0041547,KC Concepcion,WR,,0.66,0.0,0.098,0.236,0.2102,markt
2026_05_CLE_NYJ,CLE,NYJ,00-0041037,Denzel Boston,WR,,0.62,0.0,0.084,0.2104,0.1898,markt
2026_05_CLE_NYJ,CLE,NYJ,00-0033537,Deshaun Watson,QB,,1.04,0.23,0.079,0.2027,0.1835,markt
2026_05_CLE_NYJ,CLE,NYJ,00-0040466,Raheim Sanders,RB,,0.33,0.15,0.055,0.1567,0.1451,markt
2026_05_CLE_NYJ,CLE,NYJ,00-0036407,Jerry Jeudy,WR,,0.25,0.01,0.054,0.1546,0.1432,markt
2026_05_CLE_NYJ,CLE,NYJ,00-0039920,Malachi Corley,WR,,0.31,0.07,0.037,0.1187,0.1119,markt
2026_05_CLE_NYJ,CLE,NYJ,00-0038794,Jaleel McLaughlin,RB,,0.39,0.06,0.034,0.113,0.1068,markt
2026_05_CLE_NYJ,CLE,NYJ,00-0038609,Luke Wypler,OL,,0.15,0.15,0.034,0.1125,0.1064,markt
2026_05_CLE_NYJ,CLE,NYJ,00-0031595,Michael Burton,RB,,0.14,0.12,0.03,0.1016,0.0966,markt
2026_05_CLE_NYJ,CLE,NYJ,00-0038710,Blake Whiteheart,TE,,0.23,0.0,0.027,0.0951,0.0907,markt
2026_05_CLE_NYJ,CLE,NYJ,00-0040782,Isaiah Bond,WR,,0.08,0.02,0.023,0.0847,0.0812,markt
2026_05_CLE_NYJ,CLE,NYJ,00-0040668,Shedeur Sanders,QB,,0.1,0.0,0.009,0.0442,0.0433,markt
2026_05_CLE_NYJ,NYJ,CLE,00-0039794,Braelon Allen,RB,,1.66,0.2,0.183,0.3853,0.3197,markt
2026_05_CLE_NYJ,NYJ,CLE,00-0036842,Kene Nwangwu,RB,,0.8,0.53,0.157,0.3459,0.2924,markt
2026_05_CLE_NYJ,NYJ,CLE,00-0037740,Garrett Wilson,WR,,0.36,0.17,0.139,0.3181,0.2725,markt
2026_05_CLE_NYJ,NYJ,CLE,00-0037805,Jeremy Ruckert,TE,,0.41,0.17,0.098,0.2492,0.2206,markt
2026_05_CLE_NYJ,NYJ,CLE,00-0041032,Kenyon Sadiq,TE,,0.19,0.19,0.085,0.2261,0.2024,markt
2026_05_CLE_NYJ,NYJ,CLE,00-0032385,Sterling Shepard,WR,,0.49,0.04,0.081,0.2188,0.1965,markt
2026_05_CLE_NYJ,NYJ,CLE,00-0034959,Andrew Beck,RB,,0.35,0.22,0.081,0.2177,0.1957,markt
2026_05_CLE_NYJ,NYJ,CLE,00-0039798,Isaiah Davis,RB,,0.61,0.01,0.055,0.1662,0.1532,markt
2026_05_CLE_NYJ,NYJ,CLE,00-0039451,Isaiah Williams,WR,,0.18,0.0,0.051,0.1582,0.1463,markt
2026_05_CLE_NYJ,NYJ,CLE,00-0030565,Geno Smith,QB,,0.4,0.11,0.047,0.1487,0.1381,markt
2026_05_CLE_NYJ,NYJ,CLE,00-0037755,Jelani Woods,TE,,0.1,0.0,0.019,0.0797,0.0766,markt
2026_05_DEN_LAC,DEN,LAC,00-0040730,RJ Harvey,RB,,1.72,0.55,0.165,0.3905,0.3233,markt
2026_05_DEN_LAC,DEN,LAC,00-0036158,J.K. Dobbins,RB,,1.56,0.81,0.16,0.3819,0.3175,markt
2026_05_DEN_LAC,DEN,LAC,00-0034348,Courtland Sutton,WR,,1.2,0.26,0.132,0.3349,0.2846,markt
2026_05_DEN_LAC,DEN,LAC,00-0038783,Nate Adkins,TE,,0.85,0.26,0.088,0.2525,0.2232,markt
2026_05_DEN_LAC,DEN,LAC,00-0036613,Jaylen Waddle,WR,,0.51,0.09,0.072,0.2191,0.1968,markt
2026_05_DEN_LAC,DEN,LAC,00-0040134,Pat Bryant,WR,,0.41,0.2,0.064,0.2012,0.1823,markt
2026_05_DEN_LAC,DEN,LAC,00-0039868,Troy Franklin,WR,,0.6,0.07,0.062,0.197,0.1788,markt
2026_05_DEN_LAC,DEN,LAC,00-0039732,Bo Nix,QB,,0.82,0.27,0.057,0.1859,0.1696,markt
2026_05_DEN_LAC,DEN,LAC,00-0037085,Tyler Badie,RB,,0.53,0.06,0.047,0.1618,0.1494,markt
2026_05_DEN_LAC,DEN,LAC,00-0033881,Evan Engram,TE,,0.39,0.0,0.043,0.1533,0.1421,markt
2026_05_DEN_LAC,DEN,LAC,00-0033538,Garett Bolles,OL,,0.2,0.2,0.034,0.1304,0.1223,markt
2026_05_DEN_LAC,DEN,LAC,00-0038976,Marvin Mims Jr.,WR,,0.28,0.01,0.032,0.125,0.1175,markt
2026_05_DEN_LAC,DEN,LAC,00-0036727,Adam Prentice,RB,,0.22,0.13,0.028,0.1124,0.1063,markt
2026_05_DEN_LAC,DEN,LAC,00-0036422,Adam Trautman,TE,,0.05,0.02,0.015,0.0723,0.0697,markt
2026_05_DEN_LAC,LAC,DEN,00-0040666,Omarion Hampton,RB,,3.05,0.97,0.258,0.4622,0.3701,markt
2026_05_DEN_LAC,LAC,DEN,00-0039391,Kimani Vidal,RB,,1.35,0.23,0.113,0.2586,0.2279,markt
2026_05_DEN_LAC,LAC,DEN,00-0036355,Justin Herbert,QB,,1.0,0.35,0.09,0.2216,0.1987,markt
2026_05_DEN_LAC,LAC,DEN,00-0039915,Ladd McConkey,WR,,0.59,0.11,0.086,0.2137,0.1924,markt
2026_05_DEN_LAC,LAC,DEN,00-0040189,Oronde Gadsden II,TE,,0.77,0.05,0.085,0.2117,0.1908,markt
2026_05_DEN_LAC,LAC,DEN,00-0038454,Keaton Mitchell,RB,,0.94,0.13,0.072,0.1895,0.1726,markt
2026_05_DEN_LAC,LAC,DEN,00-0038544,Quentin Johnston,WR,,0.47,0.03,0.07,0.1845,0.1685,markt
2026_05_DEN_LAC,LAC,DEN,00-0037241,Trevor Penning,OL,,0.34,0.34,0.068,0.1813,0.1658,markt
2026_05_DEN_LAC,LAC,DEN,00-0040727,Tre Harris,WR,,0.56,0.0,0.063,0.1726,0.1585,markt
2026_05_DEN_LAC,LAC,DEN,00-0034272,Marquez Valdes-Scantling,WR,,0.35,0.01,0.041,0.1277,0.1199,markt
2026_05_DEN_LAC,LAC,DEN,00-0035125,Alec Ingold,RB,,0.32,0.01,0.033,0.1101,0.1043,markt
2026_05_DEN_LAC,LAC,DEN,00-0037012,Trey Lance,QB,,0.1,0.02,0.013,0.0581,0.0565,markt
2026_05_DEN_LAC,LAC,DEN,00-0038573,Derius Davis,WR,,0.03,0.0,0.008,0.0399,0.0391,markt
2026_05_DET_ARI,ARI,DET,00-0037744,Trey McBride,TE,,1.89,0.59,0.207,0.4752,0.3782,markt
2026_05_DET_ARI,ARI,DET,00-0038559,Michael Wilson,WR,,1.53,0.49,0.171,0.4161,0.3404,markt
2026_05_DET_ARI,ARI,DET,00-0041027,Jeremiyah Love,RB,,2.77,0.41,0.153,0.3846,0.3193,markt
2026_05_DET_ARI,ARI,DET,00-0037263,Tyler Allgeier,RB,,1.67,0.48,0.112,0.309,0.2658,markt
2026_05_DET_ARI,ARI,DET,00-0037157,Bam Knight,RB,,1.13,0.4,0.093,0.2717,0.2379,markt
2026_05_DET_ARI,ARI,DET,00-0039849,Marvin Harrison Jr.,WR,,0.6,0.21,0.072,0.2267,0.2029,markt
2026_05_DET_ARI,ARI,DET,00-0033119,Jacoby Brissett,QB,,0.69,0.36,0.056,0.1897,0.1728,markt
2026_05_DET_ARI,ARI,DET,00-0039041,Elijah Higgins,TE,,0.33,0.19,0.047,0.1681,0.1548,markt
2026_05_DET_ARI,ARI,DET,00-0033307,Kendrick Bourne,WR,,0.32,0.0,0.034,0.1355,0.1267,markt
2026_05_DET_ARI,ARI,DET,00-0036331,Devin Duvernay,WR,,0.15,0.09,0.021,0.0973,0.0927,markt
2026_05_DET_ARI,ARI,DET,00-0037004,Hunter Long,TE,,0.13,0.03,0.016,0.0785,0.0755,markt
2026_05_DET_ARI,ARI,DET,00-0038640,Jalen Brooks,WR,,0.05,0.01,0.011,0.0604,0.0586,markt
2026_05_DET_ARI,ARI,DET,00-0036646,Simi Fehoko,WR,,0.07,0.0,0.006,0.041,0.0402,markt
2026_05_DET_ARI,DET,ARI,00-0039139,Jahmyr Gibbs,RB,,4.77,1.21,0.348,0.7772,0.5403,markt
2026_05_DET_ARI,DET,ARI,00-0036963,Amon-Ra St. Brown,WR,,2.42,0.57,0.257,0.6297,0.4672,markt
2026_05_DET_ARI,DET,ARI,00-0039065,Sam LaPorta,TE,,1.68,0.32,0.169,0.4694,0.3746,markt
2026_05_DET_ARI,DET,ARI,00-0040669,Isaac TeSlaa,WR,,0.78,0.09,0.072,0.2592,0.2283,markt
2026_05_DET_ARI,DET,ARI,00-0037240,Jameson Williams,WR,,0.58,0.06,0.071,0.2568,0.2264,markt
2026_05_DET_ARI,DET,ARI,00-0036754,Brock Wright,TE,,0.29,0.04,0.031,0.1426,0.1329,markt
2026_05_DET_ARI,DET,ARI,00-0039364,Sione Vaki,RB,,0.18,0.0,0.013,0.0798,0.0767,markt
2026_05_DET_ARI,DET,ARI,00-0033949,Joshua Dobbs,QB,,0.18,0.06,0.013,0.0764,0.0735,markt
2026_05_DET_ARI,DET,ARI,00-0033106,Jared Goff,QB,,0.27,0.02,0.012,0.0745,0.0718,markt
2026_05_DET_ARI,DET,ARI,00-0035544,Tom Kennedy,WR,,0.0,0.0,0.006,0.0474,0.0463,markt
2026_05_HOU_TEN,HOU,TEN,00-0035685,David Montgomery,RB,,1.98,0.73,0.187,0.4297,0.3493,markt
2026_05_HOU_TEN,HOU,TEN,00-0040583,Woody Marks,RB,,1.92,0.4,0.157,0.3811,0.3169,markt
2026_05_HOU_TEN,HOU,TEN,00-0036554,Nico Collins,WR,,1.13,0.27,0.156,0.3791,0.3155,markt
2026_05_HOU_TEN,HOU,TEN,00-0034383,Dalton Schultz,TE,,0.56,0.14,0.092,0.2619,0.2304,markt
2026_05_HOU_TEN,HOU,TEN,00-0033854,Dare Ogunbowale,RB,,0.93,0.3,0.09,0.2587,0.228,markt
2026_05_HOU_TEN,HOU,TEN,00-0038618,Xavier Hutchinson,WR,,0.31,0.07,0.059,0.1919,0.1746,markt
2026_05_HOU_TEN,HOU,TEN,00-0034981,Foster Moreau,TE,,0.38,0.16,0.058,0.1908,0.1737,markt
2026_05_HOU_TEN,HOU,TEN,00-0038608,Kayshon Boutte,WR,,0.37,0.05,0.052,0.1754,0.1609,markt
2026_05_HOU_TEN,HOU,TEN,00-0038728,Jared Wayne,WR,,0.24,0.0,0.037,0.1393,0.13,markt
2026_05_HOU_TEN,HOU,TEN,00-0040138,Jaylin Noel,WR,,0.2,0.05,0.034,0.1313,0.1231,markt
2026_05_HOU_TEN,HOU,TEN,00-0039359,Cade Stover,TE,,0.38,0.0,0.028,0.1152,0.1088,markt
2026_05_HOU_TEN,HOU,TEN,00-0039163,C.J. Stroud,QB,,0.23,0.09,0.023,0.1007,0.0958,markt
2026_05_HOU_TEN,HOU,TEN,00-0036898,Davis Mills,QB,,0.26,0.09,0.021,0.0934,0.0892,markt
2026_05_HOU_TEN,TEN,HOU,00-0035261,Tony Pollard,RB,,2.65,0.83,0.223,0.3653,0.306,markt
2026_05_HOU_TEN,TEN,HOU,00-0038117,Wan'Dale Robinson,WR,,0.94,0.42,0.157,0.2855,0.2484,markt
2026_05_HOU_TEN,TEN,HOU,00-0040170,Elic Ayomanor,WR,,0.81,0.14,0.094,0.1994,0.1808,markt
2026_05_HOU_TEN,TEN,HOU,00-0040676,Cam Ward,QB,,1.0,0.38,0.08,0.1785,0.1635,markt
2026_05_HOU_TEN,TEN,HOU,00-0039032,Tyjae Spears,RB,,0.88,0.09,0.07,0.1621,0.1497,markt
2026_05_HOU_TEN,TEN,HOU,00-0040705,Chimere Dike,WR,,0.45,0.18,0.068,0.1588,0.1468,markt
2026_05_HOU_TEN,TEN,HOU,00-0035643,Jeffery Simmons,DL,,0.34,0.34,0.065,0.1545,0.1431,markt
2026_05_HOU_TEN,TEN,HOU,00-0040584,Gunnar Helm,TE,,0.59,0.02,0.061,0.1472,0.1369,markt
2026_05_HOU_TEN,TEN,HOU,00-0041438,Carnell Tate,WR,,0.23,0.0,0.059,0.1448,0.1348,markt
2026_05_HOU_TEN,TEN,HOU,00-0034837,Calvin Ridley,WR,,0.12,0.02,0.027,0.0834,0.08,markt
2026_05_HOU_TEN,TEN,HOU,00-0037594,Julius Chestnut,RB,,0.33,0.11,0.026,0.0821,0.0788,markt
2026_05_HOU_TEN,TEN,HOU,00-0040886,Nicholas Singleton,RB,,0.77,0.0,0.025,0.0794,0.0763,markt
2026_05_HOU_TEN,TEN,HOU,00-0039648,David Martin-Robinson,TE,,0.07,0.07,0.021,0.0692,0.0669,markt
2026_05_HOU_TEN,TEN,HOU,00-0038115,Daniel Bellinger,TE,,0.16,0.0,0.02,0.0687,0.0664,markt
2026_05_IND_PIT,IND,PIT,00-0036223,Jonathan Taylor,RB,,3.85,1.36,0.365,0.6366,0.4709,markt
2026_05_IND_PIT,IND,PIT,00-0040128,Tyler Warren,TE,,0.97,0.27,0.141,0.3278,0.2795,markt
2026_05_IND_PIT,IND,PIT,00-0038997,Josh Downs,WR,,0.88,0.04,0.107,0.2699,0.2365,markt
2026_05_IND_PIT,IND,PIT,00-0035710,Daniel Jones,QB,,0.81,0.28,0.065,0.1906,0.1735,markt
2026_05_IND_PIT,IND,PIT,00-0039164,Anthony Richardson,QB,,0.55,0.3,0.063,0.1862,0.1699,markt
2026_05_IND_PIT,IND,PIT,00-0032951,Laquon Treadwell,WR,,0.49,0.0,0.051,0.1614,0.149,markt
2026_05_IND_PIT,IND,PIT,00-0033217,Mo Alie-Cox,TE,,0.38,0.08,0.047,0.1521,0.1411,markt
2026_05_IND_PIT,IND,PIT,00-0036182,Nick Westbrook-Ikhine,WR,,0.27,0.03,0.038,0.1304,0.1222,markt
2026_05_IND_PIT,IND,PIT,00-0037757,Bernhard Raimann,OL,,0.18,0.18,0.036,0.1253,0.1177,markt
2026_05_IND_PIT,IND,PIT,00-0041125,Seth McGowan,RB,,0.72,0.0,0.03,0.1102,0.1044,markt
2026_05_IND_PIT,IND,PIT,00-0037292,Andrew Ogletree,TE,,0.15,0.06,0.025,0.0985,0.0938,markt
2026_05_IND_PIT,IND,PIT,00-0035021,Ashton Dulin,WR,,0.1,0.0,0.021,0.0856,0.082,markt
2026_05_IND_PIT,IND,PIT,00-0041132,Deion Burks,WR,,0.0,0.0,0.007,0.041,0.0402,markt
2026_05_IND_PIT,PIT,IND,00-0037228,Jaylen Warren,RB,,2.09,0.38,0.243,0.5065,0.3974,markt
2026_05_IND_PIT,PIT,IND,00-0035640,DK Metcalf,WR,,0.51,0.17,0.13,0.327,0.2789,markt
2026_05_IND_PIT,PIT,IND,00-0036894,Pat Freiermuth,TE,,0.64,0.18,0.122,0.3125,0.2684,markt
2026_05_IND_PIT,PIT,IND,00-0036252,Michael Pittman,WR,,0.47,0.09,0.098,0.2684,0.2354,markt
2026_05_IND_PIT,PIT,IND,00-0038558,Darnell Washington,TE,,0.48,0.07,0.08,0.2336,0.2084,markt
2026_05_IND_PIT,PIT,IND,00-0041489,Germie Bernard,WR,,0.56,0.0,0.076,0.2235,0.2003,markt
2026_05_IND_PIT,PIT,IND,00-0039739,Roman Wilson,WR,,0.39,0.0,0.073,0.2188,0.1965,markt
2026_05_IND_PIT,PIT,IND,00-0033757,Robert Tonyan,TE,,0.55,0.0,0.056,0.1822,0.1666,markt
2026_05_IND_PIT,PIT,IND,00-0036862,Ben Skowronek,WR,,0.25,0.0,0.032,0.122,0.1148,markt
2026_05_IND_PIT,PIT,IND,00-0035594,Travis Homer,RB,,0.81,0.0,0.031,0.1203,0.1133,markt
2026_05_IND_PIT,PIT,IND,00-0023459,Aaron Rodgers,QB,,0.15,0.08,0.024,0.0996,0.0948,markt
2026_05_IND_PIT,PIT,IND,00-0038409,Lew Nichols III,RB,,0.63,0.0,0.023,0.0959,0.0915,markt
2026_05_IND_PIT,PIT,IND,00-0034771,Mason Rudolph,QB,,0.19,0.0,0.01,0.0555,0.054,markt
2026_05_LV_NE,LV,NE,00-0040122,Ashton Jeanty,RB,,3.51,1.01,0.353,0.6034,0.4531,markt
2026_05_LV_NE,LV,NE,00-0039338,Brock Bowers,TE,,1.45,0.28,0.199,0.404,0.3324,markt
2026_05_LV_NE,LV,NE,00-0035891,Cody White,WR,,0.74,0.19,0.094,0.2382,0.212,markt
2026_05_LV_NE,LV,NE,00-0039066,Michael Mayer,TE,,0.47,0.15,0.087,0.2266,0.2028,markt
2026_05_LV_NE,LV,NE,00-0038563,Tre Tucker,WR,,0.37,0.04,0.068,0.1894,0.1725,markt
2026_05_LV_NE,LV,NE,00-0037291,Jalen Nailor,WR,,0.41,0.1,0.063,0.1795,0.1643,markt
2026_05_LV_NE,LV,NE,00-0037304,Connor Heyward,RB,,0.35,0.22,0.049,0.1518,0.1409,markt
2026_05_LV_NE,LV,NE,00-0040878,Mike Washington Jr.,RB,,0.89,0.0,0.042,0.1354,0.1266,markt
2026_05_LV_NE,LV,NE,00-0029604,Kirk Cousins,QB,,0.06,0.06,0.014,0.0619,0.06,markt
2026_05_LV_NE,LV,NE,00-0034365,Ian Thomas,TE,,0.01,0.0,0.01,0.0499,0.0487,markt
2026_05_LV_NE,LV,NE,00-0040894,Malik Benson,WR,,0.0,0.0,0.008,0.042,0.0411,markt
2026_05_LV_NE,LV,NE,00-0037093,Dareke Young,WR,,0.0,0.0,0.008,0.0415,0.0406,markt
2026_05_LV_NE,NE,LV,00-0036875,Rhamondre Stevenson,RB,,1.25,0.59,0.166,0.4074,0.3346,markt
2026_05_LV_NE,NE,LV,00-0040734,TreVeyon Henderson,RB,,1.67,0.35,0.134,0.3504,0.2956,markt
2026_05_LV_NE,NE,LV,00-0037816,Romeo Doubs,WR,,0.98,0.25,0.131,0.3463,0.2927,markt
2026_05_LV_NE,NE,LV,00-0041395,Eli Raridon,TE,,0.56,0.56,0.117,0.3201,0.274,markt
2026_05_LV_NE,NE,LV,00-0033090,Hunter Henry,TE,,0.75,0.14,0.097,0.2809,0.2449,markt
2026_05_LV_NE,NE,LV,00-0033555,Mack Hollins,WR,,0.64,0.05,0.082,0.249,0.2205,markt
2026_05_LV_NE,NE,LV,00-0039851,Drake Maye,QB,,0.82,0.32,0.076,0.2362,0.2104,markt
2026_05_LV_NE,NE,LV,00-0040563,Efton Chism III,WR,,0.31,0.23,0.063,0.2079,0.1877,markt
2026_05_LV_NE,NE,LV,00-0038621,DeMario Douglas,WR,,0.42,0.03,0.055,0.1875,0.171,markt
2026_05_LV_NE,NE,LV,00-0036187,Reggie Gilliam,RB,,0.2,0.2,0.041,0.153,0.1419,markt
2026_05_LV_NE,NE,LV,00-0040556,Corey Kiner,RB,,0.22,0.0,0.021,0.0973,0.0928,markt
2026_05_LV_NE,NE,LV,00-0040131,Kyle Williams,WR,,0.0,0.0,0.012,0.0667,0.0645,markt
2026_05_MIN_NO,MIN,NO,00-0033293,Aaron Jones,RB,,1.98,0.29,0.283,0.5344,0.414,markt
2026_05_MIN_NO,MIN,NO,00-0035229,T.J. Hockenson,TE,,0.97,0.06,0.176,0.3841,0.3189,markt
2026_05_MIN_NO,MIN,NO,00-0036259,Jauan Jennings,WR,,0.64,0.19,0.151,0.3446,0.2915,markt
2026_05_MIN_NO,MIN,NO,00-0038994,Jordan Addison,WR,,0.51,0.1,0.133,0.3154,0.2705,markt
2026_05_MIN_NO,MIN,NO,00-0035228,Kyler Murray,QB,,0.19,0.03,0.025,0.0977,0.0931,markt
2026_05_MIN_NO,MIN,NO,00-0036425,DeeJay Dallas,RB,,0.05,0.01,0.015,0.0685,0.0662,markt
2026_05_MIN_NO,MIN,NO,00-0040506,Myles Price,WR,,0.0,0.0,0.014,0.0659,0.0638,markt
2026_05_MIN_NO,MIN,NO,00-0032950,Carson Wentz,QB,,0.09,0.0,0.012,0.0587,0.057,markt
2026_05_MIN_NO,MIN,NO,00-0040154,Tai Felton,WR,,0.0,0.0,0.012,0.0576,0.056,markt
2026_05_MIN_NO,MIN,NO,00-0041104,Demond Claiborne,RB,,0.0,0.0,0.01,0.0511,0.0498,markt
2026_05_MIN_NO,MIN,NO,00-0040215,Gavin Bartholomew,TE,,0.0,0.0,0.007,0.0393,0.0385,markt
2026_05_MIN_NO,NO,MIN,00-0033906,Alvin Kamara,RB,,1.73,0.48,0.191,0.3937,0.3254,markt
2026_05_MIN_NO,NO,MIN,00-0037239,Chris Olave,WR,,1.03,0.17,0.177,0.3736,0.3117,markt
2026_05_MIN_NO,NO,MIN,00-0039424,Devaughn Vele,WR,,1.05,0.36,0.176,0.3723,0.3109,markt
2026_05_MIN_NO,NO,MIN,00-0036040,Juwan Johnson,TE,,0.93,0.24,0.149,0.3303,0.2813,markt
2026_05_MIN_NO,NO,MIN,00-0040743,Tyler Shough,QB,,1.03,0.41,0.101,0.2523,0.223,markt
2026_05_MIN_NO,NO,MIN,00-0038551,Kendre Miller,RB,,0.75,0.0,0.06,0.1748,0.1604,markt
2026_05_MIN_NO,NO,MIN,00-0041067,Bryce Lance,WR,,0.25,0.0,0.04,0.1316,0.1233,markt
2026_05_MIN_NO,NO,MIN,00-0037231,Kevin Austin Jr.,WR,,0.2,0.0,0.037,0.1243,0.1169,markt
2026_05_MIN_NO,NO,MIN,00-0039376,Spencer Rattler,QB,,0.32,0.06,0.029,0.1045,0.0992,markt
2026_05_MIN_NO,NO,MIN,00-0041326,CJ Donaldson,RB,,0.23,0.0,0.017,0.0722,0.0697,markt
2026_05_MIN_NO,NO,MIN,00-0041099,Barion Brown,WR,,0.43,0.0,0.014,0.0641,0.0621,markt
2026_05_NYG_WAS,NYG,WAS,00-0040715,Cam Skattebo,RB,,2.53,0.69,0.237,0.4561,0.3663,markt
2026_05_NYG_WAS,NYG,WAS,00-0037838,Isaiah Likely,TE,,0.98,0.18,0.144,0.321,0.2746,markt
2026_05_NYG_WAS,NYG,WAS,00-0036893,Najee Harris,RB,,1.8,0.3,0.121,0.2845,0.2476,markt
2026_05_NYG_WAS,NYG,WAS,00-0039337,Malik Nabers,WR,,0.7,0.08,0.111,0.2675,0.2347,markt
2026_05_NYG_WAS,NYG,WAS,00-0039384,Tyrone Tracy Jr.,RB,,1.21,0.1,0.096,0.2416,0.2146,markt
2026_05_NYG_WAS,NYG,WAS,00-0039847,Theo Johnson,TE,,0.51,0.08,0.073,0.2001,0.1813,markt
2026_05_NYG_WAS,NYG,WAS,00-0036309,Darnell Mooney,WR,,0.25,0.04,0.05,0.1527,0.1416,markt
2026_05_NYG_WAS,NYG,WAS,00-0041042,Malachi Fields,WR,,0.25,0.0,0.042,0.1355,0.1267,markt
2026_05_NYG_WAS,NYG,WAS,00-0039923,J.J. McCarthy,QB,,0.52,0.11,0.038,0.1257,0.1181,markt
2026_05_NYG_WAS,NYG,WAS,00-0031484,Chris Manhertz,TE,,0.33,0.02,0.033,0.1145,0.1082,markt
2026_05_NYG_WAS,NYG,WAS,00-0034419,Braxton Berrios,WR,,0.16,0.0,0.021,0.0837,0.0803,markt
2026_05_NYG_WAS,NYG,WAS,00-0031503,Jameis Winston,QB,,0.17,0.08,0.021,0.0835,0.0801,markt
2026_05_NYG_WAS,NYG,WAS,00-0033376,Patrick Ricard,RB,,0.03,0.01,0.011,0.0542,0.0527,markt
2026_05_NYG_WAS,WAS,NYG,00-0040242,Jacory Croskey-Merritt,RB,,1.91,0.53,0.202,0.4537,0.3647,markt
2026_05_NYG_WAS,WAS,NYG,00-0031588,Stefon Diggs,WR,,0.72,0.24,0.149,0.3679,0.3078,markt
2026_05_NYG_WAS,WAS,NYG,00-0041040,Antonio Williams,WR,,0.38,0.19,0.095,0.2687,0.2356,markt
2026_05_NYG_WAS,WAS,NYG,00-0041096,Kaytron Allen,RB,,1.05,0.24,0.084,0.245,0.2173,markt
2026_05_NYG_WAS,WAS,NYG,00-0036626,Dyami Brown,WR,,0.38,0.16,0.079,0.235,0.2094,markt
2026_05_NYG_WAS,WAS,NYG,00-0037742,Treylon Burks,WR,,0.39,0.16,0.075,0.2269,0.203,markt
2026_05_NYG_WAS,WAS,NYG,00-0036628,John Bates,TE,,0.29,0.11,0.055,0.1816,0.1661,markt
2026_05_NYG_WAS,WAS,NYG,00-0037809,Chig Okonkwo,TE,,0.24,0.0,0.054,0.1798,0.1645,markt
2026_05_NYG_WAS,WAS,NYG,00-0033699,Austin Ekeler,RB,,0.35,0.07,0.05,0.1716,0.1577,markt
2026_05_NYG_WAS,WAS,NYG,00-0032268,Marcus Mariota,QB,,0.46,0.09,0.038,0.1402,0.1308,markt
2026_05_NYG_WAS,WAS,NYG,00-0039912,Ben Sinnott,TE,,0.05,0.05,0.021,0.0933,0.0891,markt
2026_05_NYG_WAS,WAS,NYG,00-0040164,Jaylin Lane,WR,,0.06,0.0,0.017,0.08,0.0769,markt
2026_05_NYG_WAS,WAS,NYG,00-0035567,Craig Reynolds,RB,,0.05,0.0,0.009,0.0511,0.0498,markt
2026_05_NYG_WAS,WAS,NYG,00-0039686,Colson Yankoff,TE,,0.0,0.0,0.009,0.05,0.0488,markt
2026_05_NYG_WAS,WAS,NYG,00-0041117,Athan Kaliakmanis,QB,,0.0,0.0,0.006,0.039,0.0383,markt
2026_05_NYG_WAS,WAS,NYG,00-0039913,Brandon Coleman,OL,,0.0,0.0,0.005,0.0346,0.034,markt
2026_05_PHI_JAX,JAX,PHI,00-0038611,Chris Rodriguez Jr.,RB,,2.02,0.82,0.165,0.4153,0.3398,markt
2026_05_PHI_JAX,JAX,PHI,00-0040719,Bhayshul Tuten,RB,,2.1,0.6,0.158,0.4021,0.3311,markt
2026_05_PHI_JAX,JAX,PHI,00-0038606,Parker Washington,WR,,0.98,0.05,0.101,0.2949,0.2554,markt
2026_05_PHI_JAX,JAX,PHI,00-0034960,Jakobi Meyers,WR,,0.88,0.11,0.097,0.2858,0.2486,markt
2026_05_PHI_JAX,JAX,PHI,00-0038935,Brenton Strange,TE,,0.66,0.05,0.073,0.2348,0.2093,markt
2026_05_PHI_JAX,JAX,PHI,00-0041100,Josh Cameron,WR,,0.52,0.24,0.069,0.2264,0.2026,markt
2026_05_PHI_JAX,JAX,PHI,00-0036971,Trevor Lawrence,QB,,0.76,0.28,0.058,0.2007,0.1818,markt
2026_05_PHI_JAX,JAX,PHI,00-0039893,Brian Thomas Jr.,WR,,0.4,0.07,0.058,0.2005,0.1817,markt
2026_05_PHI_JAX,JAX,PHI,00-0040238,LeQuint Allen Jr.,RB,,0.42,0.24,0.055,0.1917,0.1744,markt
2026_05_PHI_JAX,JAX,PHI,00-0040234,Quinn Ewers,QB,,0.2,0.2,0.038,0.1484,0.1379,markt
2026_05_PHI_JAX,JAX,PHI,00-0032104,Ameer Abdullah,RB,,0.38,0.06,0.037,0.1468,0.1366,markt
2026_05_PHI_JAX,JAX,PHI,00-0040718,Travis Hunter,WR,,0.33,0.0,0.036,0.142,0.1324,markt
2026_05_PHI_JAX,JAX,PHI,00-0036590,Quintin Morris,TE,,0.16,0.1,0.029,0.1217,0.1146,markt
2026_05_PHI_JAX,JAX,PHI,00-0041503,Nate Boerkircher,TE,,0.28,0.0,0.025,0.1093,0.1036,markt
2026_05_PHI_JAX,PHI,JAX,00-0034844,Saquon Barkley,RB,,2.13,0.71,0.213,0.3811,0.3169,markt
2026_05_PHI_JAX,PHI,JAX,00-0040024,Darius Cooper,WR,,1.01,0.48,0.16,0.3116,0.2677,markt
2026_05_PHI_JAX,PHI,JAX,00-0036389,Jalen Hurts,QB,,1.48,0.56,0.132,0.2727,0.2387,markt
2026_05_PHI_JAX,PHI,JAX,00-0038555,Tank Bigsby,RB,,1.56,0.44,0.128,0.2671,0.2344,markt
2026_05_PHI_JAX,PHI,JAX,00-0038393,Dontayvion Wicks,WR,,0.66,0.19,0.1,0.2247,0.2012,markt
2026_05_PHI_JAX,PHI,JAX,00-0030061,Zach Ertz,TE,,0.58,0.18,0.093,0.2128,0.1917,markt
2026_05_PHI_JAX,PHI,JAX,00-0039746,Will Shipley,RB,,1.07,0.0,0.046,0.1313,0.1231,markt
2026_05_PHI_JAX,PHI,JAX,00-0036980,Elijah Moore,WR,,0.13,0.06,0.033,0.104,0.0988,markt
2026_05_PHI_JAX,PHI,JAX,00-0040867,Makai Lemon,WR,,0.0,0.0,0.023,0.08,0.0768,markt
2026_05_PHI_JAX,PHI,JAX,00-0036332,Josiah Deguara,TE,,0.22,0.0,0.022,0.079,0.076,markt
2026_05_PHI_JAX,PHI,JAX,00-0033246,Johnny Mundt,TE,,0.07,0.01,0.018,0.0667,0.0646,markt
2026_05_PHI_JAX,PHI,JAX,00-0038498,E.J. Jenkins,TE,,0.18,0.0,0.015,0.0583,0.0566,markt
2026_05_PHI_JAX,PHI,JAX,00-0037132,Britain Covey,WR,,0.03,0.0,0.013,0.0544,0.053,markt
2026_05_SF_SEA,SEA,SF,00-0038543,Jaxon Smith-Njigba,WR,,1.61,0.35,0.214,0.4897,0.3872,markt
2026_05_SF_SEA,SEA,SF,00-0038797,Emanuel Wilson,RB,,2.23,0.8,0.202,0.4707,0.3754,markt
2026_05_SF_SEA,SEA,SF,00-0039793,AJ Barner,TE,,1.13,0.45,0.153,0.387,0.3209,markt
2026_05_SF_SEA,SEA,SF,00-0039299,George Holani,RB,,1.41,0.54,0.137,0.3592,0.3018,markt
2026_05_SF_SEA,SEA,SF,00-0033908,Cooper Kupp,WR,,0.53,0.09,0.07,0.2252,0.2016,markt
2026_05_SF_SEA,SEA,SF,00-0033576,Eric Saubert,TE,,0.76,0.01,0.064,0.2114,0.1905,markt
2026_05_SF_SEA,SEA,SF,00-0040648,Tory Horton,WR,,0.46,0.05,0.05,0.178,0.1631,markt
2026_05_SF_SEA,SEA,SF,00-0037545,Rashid Shaheed,WR,,0.43,0.03,0.047,0.1703,0.1566,markt
2026_05_SF_SEA,SEA,SF,00-0040739,Elijah Arroyo,TE,,0.17,0.03,0.024,0.1067,0.1012,markt
2026_05_SF_SEA,SEA,SF,00-0035704,Drew Lock,QB,,0.43,0.03,0.017,0.0824,0.0791,markt
2026_05_SF_SEA,SEA,SF,00-0034869,Sam Darnold,QB,,0.13,0.02,0.009,0.0549,0.0534,markt
2026_05_SF_SEA,SEA,SF,00-0038488,Brady Russell,RB,,0.0,0.0,0.007,0.0443,0.0434,markt
2026_05_SF_SEA,SF,SEA,00-0033280,Christian McCaffrey,RB,,4.39,1.66,0.386,0.6752,0.491,markt
2026_05_SF_SEA,SF,SEA,00-0031408,Mike Evans,WR,,0.92,0.37,0.129,0.3126,0.2684,markt
2026_05_SF_SEA,SF,SEA,00-0035719,Deebo Samuel Sr.,WR,,1.02,0.36,0.123,0.3027,0.2612,markt
2026_05_SF_SEA,SF,SEA,00-0033288,George Kittle,TE,,1.12,0.11,0.108,0.2775,0.2423,markt
2026_05_SF_SEA,SF,SEA,00-0037834,Brock Purdy,QB,,0.73,0.24,0.052,0.1648,0.152,markt
2026_05_SF_SEA,SF,SEA,00-0041052,Kaelon Black,RB,,1.6,0.0,0.051,0.1631,0.1505,markt
2026_05_SF_SEA,SF,SEA,00-0029892,Kyle Juszczyk,RB,,0.47,0.07,0.045,0.15,0.1393,markt
2026_05_SF_SEA,SF,SEA,00-0031236,Brandin Cooks,WR,,0.13,0.06,0.027,0.1036,0.0985,markt
2026_05_SF_SEA,SF,SEA,00-0036887,Luke Farrell,TE,,0.16,0.06,0.023,0.094,0.0898,markt
2026_05_SF_SEA,SF,SEA,00-0036972,Mac Jones,QB,,0.2,0.11,0.021,0.0892,0.0853,markt
2026_05_SF_SEA,SF,SEA,00-0039365,Jacob Cowing,WR,,0.04,0.01,0.011,0.056,0.0545,markt
2026_05_SF_SEA,SF,SEA,00-0037287,Vederian Lowe,OL,,0.06,0.06,0.01,0.0533,0.0519,markt
2026_05_SF_SEA,SF,SEA,00-0040172,Jordan Watkins,WR,,0.0,0.0,0.007,0.0412,0.0404,markt
2026_05_TB_DAL,DAL,TB,00-0036997,Javonte Williams,RB,,4.31,1.9,0.352,0.7667,0.5355,markt
2026_05_TB_DAL,DAL,TB,00-0036358,CeeDee Lamb,WR,,1.31,0.48,0.168,0.4564,0.3664,markt
2026_05_TB_DAL,DAL,TB,00-0037247,George Pickens,WR,,0.95,0.42,0.127,0.3764,0.3137,markt
2026_05_TB_DAL,DAL,TB,00-0038041,Jake Ferguson,TE,,1.01,0.29,0.105,0.3295,0.2807,markt
2026_05_TB_DAL,DAL,TB,00-0039410,Ryan Flournoy,WR,,0.89,0.24,0.097,0.3109,0.2672,markt
2026_05_TB_DAL,DAL,TB,00-0033077,Dak Prescott,QB,,0.62,0.26,0.045,0.181,0.1656,markt
2026_05_TB_DAL,DAL,TB,00-0037801,KaVontae Turpin,WR,,0.59,0.01,0.034,0.1494,0.1388,markt
2026_05_TB_DAL,DAL,TB,00-0037120,Tyler Goodson,RB,,0.31,0.05,0.022,0.1101,0.1042,markt
2026_05_TB_DAL,DAL,TB,00-0038738,Hunter Luepke,RB,,0.21,0.03,0.018,0.0974,0.0928,markt
2026_05_TB_DAL,DAL,TB,00-0039530,Brevyn Spann-Ford,TE,,0.08,0.04,0.015,0.083,0.0797,markt
2026_05_TB_DAL,DAL,TB,00-0038547,Luke Schoonmaker,TE,,0.06,0.0,0.01,0.0628,0.0609,markt
2026_05_TB_DAL,DAL,TB,00-0039062,Jonathan Mingo,WR,,0.01,0.0,0.007,0.049,0.0478,markt
2026_05_TB_DAL,TB,DAL,00-0038951,Sean Tucker,RB,,1.75,0.83,0.193,0.3718,0.3105,markt
2026_05_TB_DAL,TB,DAL,00-0036919,Kenny Gainwell,RB,,1.63,0.25,0.161,0.3276,0.2793,markt
2026_05_TB_DAL,TB,DAL,00-0039361,Bucky Irving,RB,,2.07,0.06,0.158,0.3237,0.2765,markt
2026_05_TB_DAL,TB,DAL,00-0040129,Emeka Egbuka,WR,,0.68,0.16,0.116,0.2606,0.2294,markt
2026_05_TB_DAL,TB,DAL,00-0038129,Cade Otton,TE,,0.47,0.02,0.076,0.1934,0.1758,markt
2026_05_TB_DAL,TB,DAL,00-0033921,Chris Godwin Jr.,WR,,0.27,0.1,0.067,0.1778,0.1629,markt
2026_05_TB_DAL,TB,DAL,00-0036406,Tristan Wirfs,OL,,0.3,0.3,0.065,0.1743,0.16,markt
2026_05_TB_DAL,TB,DAL,00-0041048,Ted Hurst III,WR,,0.41,0.0,0.056,0.1556,0.1441,markt
2026_05_TB_DAL,TB,DAL,00-0040237,Tez Johnson,WR,,0.48,0.0,0.051,0.1455,0.1354,markt
2026_05_TB_DAL,TB,DAL,00-0039050,Payne Durham,TE,,0.19,0.02,0.024,0.0873,0.0836,markt
2026_05_TB_DAL,TB,DAL,00-0041251,Jalon Daniels,QB,,0.41,0.0,0.021,0.079,0.0759,markt
2026_05_TB_DAL,TB,DAL,00-0039589,Kameron Johnson,WR,,0.01,0.01,0.011,0.0496,0.0484,markt
