Typ,Spiel,Team,Name,P,Ist,Zusatz
td,2026_03_BAL_DAL,BAL,Derrick Henry,0.5921,2,
td,2026_03_ARI_SF,SF,Christian McCaffrey,0.5634,1,
td,2026_03_NYJ_DET,DET,Jahmyr Gibbs,0.5219,3,
td,2026_03_BAL_DAL,DAL,Javonte Williams,0.4926,1,
td,2026_03_LV_NO,LV,Ashton Jeanty,0.492,0,
td,2026_03_HOU_IND,IND,Jonathan Taylor,0.49,0,
td,2026_03_KC_MIA,KC,Kenneth Walker III,0.4709,2,
td,2026_03_NYJ_DET,DET,Amon-Ra St. Brown,0.47,1,
td,2026_03_CIN_PIT,CIN,Chase Brown,0.4582,0,
td,2026_03_LAC_BUF,BUF,James Cook,0.4552,1,
td,2026_03_ATL_GB,ATL,Bijan Robinson,0.4313,2,
td,2026_03_ARI_SF,ARI,Trey McBride,0.4167,0,
td,2026_03_HOU_IND,HOU,David Montgomery,0.4125,0,
td,2026_03_PHI_CHI,CHI,D'Andre Swift,0.4101,0,
td,2026_03_PHI_CHI,PHI,Saquon Barkley,0.4087,0,
td,2026_03_LA_DEN,LA,Kyren Williams,0.4076,0,
td,2026_03_CAR_CLE,CLE,Quinshon Judkins,0.4066,0,
td,2026_03_KC_MIA,MIA,De'Von Achane,0.4031,0,
td,2026_03_NYJ_DET,NYJ,Breece Hall,0.3979,0,
td,2026_03_LAC_BUF,LAC,Omarion Hampton,0.3923,0,
td,2026_03_LV_NO,NO,Travis Etienne,0.3894,0,
td,2026_03_MIN_TB,MIN,Aaron Jones,0.3894,0,
td,2026_03_CAR_CLE,CAR,Chuba Hubbard,0.3856,0,
td,2026_03_KC_MIA,KC,Rashee Rice,0.3821,0,
td,2026_03_TEN_NYG,NYG,Cam Skattebo,0.381,0,
td,2026_03_LAC_BUF,BUF,Josh Allen,0.377,2,
td,2026_03_NE_JAX,NE,TreVeyon Henderson,0.3731,0,
td,2026_03_CIN_PIT,PIT,Jaylen Warren,0.373,0,
td,2026_03_MIN_TB,MIN,Justin Jefferson,0.3711,0,
td,2026_03_ATL_GB,GB,Christian Watson,0.3703,1,
td,2026_03_NE_JAX,JAX,Chris Rodriguez Jr.,0.3674,1,
td,2026_03_LA_DEN,DEN,J.K. Dobbins,0.3654,0,
td,2026_03_NYJ_DET,DET,Sam LaPorta,0.3653,0,
td,2026_03_BAL_DAL,DAL,CeeDee Lamb,0.3586,0,
td,2026_03_LA_DEN,LA,Davante Adams,0.3579,0,
td,2026_03_SEA_WAS,SEA,Emanuel Wilson,0.3568,0,
td,2026_03_NE_JAX,NE,Rhamondre Stevenson,0.3527,0,
td,2026_03_HOU_IND,HOU,Woody Marks,0.352,1,
td,2026_03_LA_DEN,DEN,RJ Harvey,0.3517,0,
td,2026_03_SEA_WAS,SEA,Jaxon Smith-Njigba,0.3483,2,
td,2026_03_CAR_CLE,CAR,Tetairoa McMillan,0.3458,0,
td,2026_03_PHI_CHI,PHI,Tank Bigsby,0.3424,0,
td,2026_03_BAL_DAL,BAL,Mark Andrews,0.3378,0,
td,2026_03_ARI_SF,SF,Mike Evans,0.3366,2,
td,2026_03_MIN_TB,MIN,Jauan Jennings,0.3336,0,
td,2026_03_CIN_PIT,CIN,Ja'Marr Chase,0.3327,1,
td,2026_03_MIN_TB,TB,Kenny Gainwell,0.3296,0,
td,2026_03_HOU_IND,IND,Tyler Warren,0.3254,0,
td,2026_03_SEA_WAS,SEA,George Holani,0.3245,0,
td,2026_03_NE_JAX,JAX,Bhayshul Tuten,0.3232,1,
td,2026_03_BAL_DAL,DAL,Jake Ferguson,0.3193,1,
td,2026_03_KC_MIA,KC,Xavier Worthy,0.3185,0,
td,2026_03_ARI_SF,ARI,Jeremiyah Love,0.3185,1,
td,2026_03_NYJ_DET,NYJ,Braelon Allen,0.316,0,
td,2026_03_NE_JAX,NE,Hunter Henry,0.3157,0,
td,2026_03_LV_NO,LV,Brock Bowers,0.3139,1,
td,2026_03_MIN_TB,TB,Bucky Irving,0.3095,0,
td,2026_03_NYJ_DET,NYJ,Garrett Wilson,0.3052,1,
td,2026_03_LAC_BUF,LAC,Kimani Vidal,0.3048,0,
td,2026_03_ARI_SF,SF,Deebo Samuel Sr.,0.3018,0,
td,2026_03_ATL_GB,GB,MarShawn Lloyd,0.3015,0,
td,2026_03_CIN_PIT,CIN,Mike Gesicki,0.3011,1,
td,2026_03_ATL_GB,ATL,Drake London,0.3002,0,
td,2026_03_CAR_CLE,CAR,Jalen Coker,0.2996,0,
td,2026_03_LV_NO,NO,Alvin Kamara,0.2991,0,
td,2026_03_ARI_SF,SF,George Kittle,0.299,2,
td,2026_03_PHI_CHI,CHI,Kyle Monangai,0.2987,0,
td,2026_03_BAL_DAL,DAL,George Pickens,0.2982,0,
td,2026_03_TEN_NYG,NYG,Najee Harris,0.2952,0,
td,2026_03_LAC_BUF,BUF,Ty Johnson,0.2947,0,
td,2026_03_LV_NO,NO,Tyler Shough,0.2931,0,
td,2026_03_ARI_SF,ARI,Tyler Allgeier,0.2916,0,
td,2026_03_LA_DEN,DEN,Courtland Sutton,0.2914,0,
td,2026_03_PHI_CHI,PHI,Zach Ertz,0.2905,0,
td,2026_03_BAL_DAL,BAL,Zay Flowers,0.283,0,
td,2026_03_LAC_BUF,BUF,Khalil Shakir,0.2817,0,
td,2026_03_NE_JAX,JAX,Josh Cameron,0.2799,1,
td,2026_03_TEN_NYG,NYG,Isaiah Likely,0.2795,0,
td,2026_03_CAR_CLE,CLE,KC Concepcion,0.2791,0,
td,2026_03_MIN_TB,MIN,Jordan Addison,0.2785,1,
td,2026_03_LV_NO,NO,Chris Olave,0.2759,0,
td,2026_03_CIN_PIT,CIN,Tee Higgins,0.2756,1,
td,2026_03_LV_NO,NO,Devaughn Vele,0.2732,0,
td,2026_03_MIN_TB,TB,Emeka Egbuka,0.2714,0,
td,2026_03_CIN_PIT,PIT,DK Metcalf,0.2708,1,
td,2026_03_KC_MIA,KC,Jalen Royals,0.2703,0,
td,2026_03_SEA_WAS,SEA,Jadarian Price,0.2692,0,
td,2026_03_MIN_TB,MIN,T.J. Hockenson,0.2681,0,
td,2026_03_CAR_CLE,CLE,Denzel Boston,0.2677,0,
td,2026_03_LAC_BUF,BUF,Dawson Knox,0.2676,0,
td,2026_03_TEN_NYG,NYG,Tyrone Tracy Jr.,0.2673,0,
td,2026_03_CAR_CLE,CLE,Harold Fannin Jr.,0.2673,2,
td,2026_03_LAC_BUF,LAC,Ladd McConkey,0.267,0,
td,2026_03_PHI_CHI,PHI,Jalen Hurts,0.266,1,
td,2026_03_SEA_WAS,WAS,Jacory Croskey-Merritt,0.2653,0,
td,2026_03_KC_MIA,KC,Travis Kelce,0.2651,1,
td,2026_03_NE_JAX,NE,Romeo Doubs,0.2622,0,
td,2026_03_TEN_NYG,NYG,Malik Nabers,0.2622,0,
td,2026_03_PHI_CHI,PHI,DeVonta Smith,0.2616,0,
td,2026_03_TEN_NYG,TEN,Tony Pollard,0.2611,0,
td,2026_03_PHI_CHI,CHI,Colston Loveland,0.2563,0,
td,2026_03_LA_DEN,LA,Blake Corum,0.2547,0,
td,2026_03_CIN_PIT,PIT,Michael Pittman,0.2486,0,
td,2026_03_HOU_IND,HOU,Dalton Schultz,0.2482,0,
td,2026_03_TEN_NYG,TEN,Wan'Dale Robinson,0.2462,1,
td,2026_03_SEA_WAS,WAS,Rachaad White,0.2442,1,
td,2026_03_BAL_DAL,BAL,Rashod Bateman,0.243,0,
td,2026_03_ATL_GB,ATL,Brian Robinson,0.2413,1,
td,2026_03_SEA_WAS,SEA,AJ Barner,0.2411,0,
td,2026_03_HOU_IND,IND,Josh Downs,0.2401,0,
td,2026_03_SEA_WAS,WAS,Stefon Diggs,0.2388,0,
td,2026_03_ATL_GB,ATL,Kyle Pitts,0.2385,0,
td,2026_03_TEN_NYG,TEN,Elic Ayomanor,0.2381,0,
td,2026_03_LA_DEN,LA,Colby Parkinson,0.2379,0,
td,2026_03_NYJ_DET,NYJ,Kenyon Sadiq,0.2374,1,
td,2026_03_NYJ_DET,DET,Jameson Williams,0.2373,0,
td,2026_03_LAC_BUF,BUF,Keon Coleman,0.2365,0,
td,2026_03_NE_JAX,JAX,Brenton Strange,0.2363,0,
td,2026_03_NE_JAX,JAX,Jakobi Meyers,0.2363,1,
td,2026_03_TEN_NYG,TEN,Cam Ward,0.2361,0,
td,2026_03_LAC_BUF,BUF,DJ Moore,0.2349,0,
td,2026_03_NE_JAX,JAX,Parker Washington,0.234,1,
td,2026_03_LAC_BUF,LAC,Quentin Johnston,0.2336,0,
td,2026_03_LV_NO,NO,Juwan Johnson,0.2333,2,
td,2026_03_ATL_GB,GB,Matthew Golden,0.2309,1,
td,2026_03_CAR_CLE,CLE,Raheim Sanders,0.2303,0,
td,2026_03_TEN_NYG,TEN,Chimere Dike,0.2292,0,
td,2026_03_KC_MIA,MIA,Ollie Gordon II,0.229,1,
td,2026_03_SEA_WAS,WAS,Terry McLaurin,0.2283,1,
td,2026_03_CIN_PIT,PIT,Pat Freiermuth,0.2276,0,
td,2026_03_ATL_GB,GB,Jonnu Smith,0.2272,0,
td,2026_03_HOU_IND,IND,Keenan Allen,0.2251,1,
td,2026_03_KC_MIA,KC,Brashard Smith,0.2248,0,
td,2026_03_KC_MIA,MIA,Malik Washington,0.2242,0,
td,2026_03_ATL_GB,GB,Tucker Kraft,0.2236,0,
td,2026_03_CAR_CLE,CAR,Darren Waller,0.2235,0,
td,2026_03_CIN_PIT,PIT,Germie Bernard,0.2226,0,
td,2026_03_PHI_CHI,PHI,Dontayvion Wicks,0.2223,0,
td,2026_03_NYJ_DET,DET,Isaac TeSlaa,0.2212,0,
td,2026_03_ARI_SF,ARI,Michael Wilson,0.2201,1,
td,2026_03_TEN_NYG,TEN,Tyjae Spears,0.2187,0,
td,2026_03_LA_DEN,DEN,Jaylen Waddle,0.2183,0,
td,2026_03_MIN_TB,TB,Ted Hurst III,0.218,1,
td,2026_03_MIN_TB,TB,Cade Otton,0.217,0,
td,2026_03_LAC_BUF,LAC,Oronde Gadsden II,0.2159,0,
td,2026_03_CAR_CLE,CAR,Mitchell Evans,0.2152,0,
td,2026_03_CIN_PIT,CIN,Samaje Perine,0.2149,0,
td,2026_03_KC_MIA,MIA,Greg Dulcich,0.2135,0,
td,2026_03_LA_DEN,DEN,Troy Franklin,0.2124,0,
td,2026_03_NE_JAX,JAX,Trevor Lawrence,0.2123,0,
td,2026_03_LAC_BUF,LAC,Justin Herbert,0.2122,0,
td,2026_03_NYJ_DET,NYJ,Sterling Shepard,0.2109,0,
td,2026_03_PHI_CHI,CHI,Rome Odunze,0.2108,0,
td,2026_03_LV_NO,LV,Tre Tucker,0.2085,0,
td,2026_03_LAC_BUF,BUF,Dalton Kincaid,0.2079,0,
td,2026_03_SEA_WAS,SEA,Cooper Kupp,0.2075,1,
td,2026_03_ATL_GB,ATL,Olamide Zaccheaus,0.2067,0,
td,2026_03_BAL_DAL,BAL,Lamar Jackson,0.2066,0,
td,2026_03_SEA_WAS,WAS,Antonio Williams,0.2054,0,
td,2026_03_NE_JAX,NE,Mack Hollins,0.2041,0,
td,2026_03_MIN_TB,TB,Chris Godwin Jr.,0.204,0,
td,2026_03_LV_NO,NO,Noah Fant,0.204,2,
td,2026_03_ATL_GB,ATL,Austin Hooper,0.2035,1,
td,2026_03_ARI_SF,SF,Brock Purdy,0.201,0,
td,2026_03_CAR_CLE,CLE,Michael Burton,0.2004,0,
td,2026_03_HOU_IND,HOU,Xavier Hutchinson,0.2002,0,
td,2026_03_NE_JAX,JAX,LeQuint Allen Jr.,0.198,0,
td,2026_03_NE_JAX,JAX,Brian Thomas Jr.,0.1967,0,
td,2026_03_LV_NO,LV,Jalen Nailor,0.196,0,
td,2026_03_LAC_BUF,LAC,Marquez Valdes-Scantling,0.1955,0,
td,2026_03_LA_DEN,LA,Terrance Ferguson,0.1914,0,
td,2026_03_BAL_DAL,DAL,Ryan Flournoy,0.191,0,
td,2026_03_LV_NO,LV,Michael Mayer,0.1906,1,
td,2026_03_CAR_CLE,CAR,John Metchie III,0.1888,1,
td,2026_03_TEN_NYG,TEN,Gunnar Helm,0.184,0,
td,2026_03_ARI_SF,ARI,Marvin Harrison Jr.,0.1837,0,
td,2026_03_ATL_GB,GB,Chris Brooks,0.1788,0,
td,2026_03_SEA_WAS,SEA,Eric Saubert,0.1782,1,
td,2026_03_MIN_TB,TB,Tez Johnson,0.1778,0,
td,2026_03_LA_DEN,LA,Tyler Higbee,0.1767,1,
td,2026_03_LA_DEN,DEN,Evan Engram,0.1746,0,
td,2026_03_ARI_SF,SF,Kyle Juszczyk,0.1744,0,
td,2026_03_LA_DEN,DEN,Pat Bryant,0.1744,1,
td,2026_03_PHI_CHI,CHI,Luther Burden III,0.173,1,
td,2026_03_CAR_CLE,CAR,David Moore,0.172,0,
td,2026_03_LA_DEN,DEN,Tyler Badie,0.1714,0,
td,2026_03_HOU_IND,HOU,Kayshon Boutte,0.1712,0,
td,2026_03_SEA_WAS,SEA,Tory Horton,0.1702,0,
td,2026_03_SEA_WAS,WAS,Dyami Brown,0.1701,0,
td,2026_03_HOU_IND,IND,Mo Alie-Cox,0.1697,0,
td,2026_03_BAL_DAL,BAL,Justice Hill,0.167,0,
td,2026_03_NYJ_DET,NYJ,Isaiah Williams,0.1651,0,
td,2026_03_LV_NO,LV,Cody White,0.1646,1,
td,2026_03_ATL_GB,GB,Jordan Love,0.1645,0,
td,2026_03_SEA_WAS,SEA,Rashid Shaheed,0.1633,0,
td,2026_03_PHI_CHI,CHI,Sam Roush,0.163,0,
td,2026_03_TEN_NYG,NYG,Darnell Mooney,0.1628,0,
td,2026_03_NE_JAX,NE,DeMario Douglas,0.1616,0,
td,2026_03_CIN_PIT,PIT,Darnell Washington,0.1613,0,
td,2026_03_NE_JAX,NE,Drake Maye,0.1568,0,
td,2026_03_CIN_PIT,CIN,Joe Burrow,0.1554,0,
td,2026_03_PHI_CHI,CHI,Kalif Raymond,0.1551,1,
td,2026_03_PHI_CHI,PHI,Will Shipley,0.1527,0,
td,2026_03_MIN_TB,TB,Jalen McMillan,0.1527,0,
td,2026_03_HOU_IND,HOU,Jared Wayne,0.1525,0,
td,2026_03_KC_MIA,MIA,Malik Willis,0.1518,0,
td,2026_03_CAR_CLE,CAR,Tommy Tremble,0.1502,0,
td,2026_03_NYJ_DET,NYJ,Geno Smith,0.1496,0,
td,2026_03_NYJ_DET,NYJ,Jeremy Ruckert,0.1485,1,
td,2026_03_LV_NO,NO,Kendre Miller,0.1481,0,
td,2026_03_ARI_SF,SF,Kaelon Black,0.148,0,
td,2026_03_CAR_CLE,CLE,Deshaun Watson,0.1479,0,
td,2026_03_LA_DEN,DEN,Nate Adkins,0.1473,1,
td,2026_03_HOU_IND,IND,Daniel Jones,0.1472,0,
td,2026_03_HOU_IND,HOU,Jaylin Noel,0.147,0,
td,2026_03_SEA_WAS,WAS,Treylon Burks,0.1466,1,
td,2026_03_LAC_BUF,LAC,Keaton Mitchell,0.1434,1,
td,2026_03_ATL_GB,ATL,Jahan Dotson,0.1425,0,
td,2026_03_CIN_PIT,CIN,Tanner Hudson,0.1395,0,
td,2026_03_LA_DEN,LA,Davis Allen,0.1362,0,
td,2026_03_BAL_DAL,DAL,Dak Prescott,0.1356,0,
td,2026_03_KC_MIA,KC,Patrick Mahomes,0.1351,0,
td,2026_03_ARI_SF,ARI,Hunter Long,0.1336,0,
td,2026_03_TEN_NYG,TEN,Calvin Ridley,0.133,0,
td,2026_03_LAC_BUF,LAC,Tre Harris,0.1324,0,
td,2026_03_MIN_TB,TB,Baker Mayfield,0.1313,0,
td,2026_03_LA_DEN,LA,Matthew Stafford,0.131,0,
td,2026_03_ARI_SF,ARI,Kendrick Bourne,0.1298,0,
td,2026_03_LAC_BUF,BUF,Jackson Hawes,0.1282,0,
td,2026_03_SEA_WAS,WAS,John Bates,0.1278,0,
td,2026_03_CIN_PIT,CIN,Drew Sample,0.1275,0,
td,2026_03_ARI_SF,SF,Luke Farrell,0.1269,0,
td,2026_03_LA_DEN,DEN,Bo Nix,0.1239,1,
td,2026_03_NE_JAX,JAX,Ameer Abdullah,0.1223,0,
td,2026_03_ARI_SF,ARI,Elijah Higgins,0.122,0,
td,2026_03_LV_NO,LV,Mike Washington Jr.,0.1218,1,
td,2026_03_MIN_TB,TB,Payne Durham,0.1213,0,
td,2026_03_HOU_IND,HOU,C.J. Stroud,0.1208,0,
td,2026_03_KC_MIA,KC,Tyquan Thornton,0.1205,0,
td,2026_03_BAL_DAL,DAL,KaVontae Turpin,0.1197,1,
td,2026_03_BAL_DAL,BAL,Chris Moore,0.1182,1,
td,2026_03_KC_MIA,KC,Emmett Johnson,0.1174,0,
td,2026_03_NYJ_DET,NYJ,Jelani Woods,0.117,0,
td,2026_03_MIN_TB,MIN,Kyler Murray,0.1161,0,
td,2026_03_ARI_SF,ARI,Jacoby Brissett,0.1148,1,
td,2026_03_NYJ_DET,DET,Brock Wright,0.1144,0,
td,2026_03_CIN_PIT,PIT,Roman Wilson,0.1138,1,
td,2026_03_LA_DEN,LA,Konata Mumpfield,0.1131,1,
td,2026_03_PHI_CHI,CHI,Cole Kmet,0.1129,0,
td,2026_03_ATL_GB,GB,Skyy Moore,0.1125,0,
td,2026_03_KC_MIA,KC,Noah Gray,0.1117,0,
td,2026_03_NE_JAX,NE,Corey Kiner,0.107,0,
td,2026_03_BAL_DAL,DAL,Tyler Goodson,0.1065,0,
td,2026_03_SEA_WAS,WAS,Marcus Mariota,0.1037,0,
td,2026_03_TEN_NYG,NYG,Jameis Winston,0.1028,0,
td,2026_03_BAL_DAL,DAL,Brevyn Spann-Ford,0.1022,0,
td,2026_03_TEN_NYG,TEN,Carnell Tate,0.1007,0,
td,2026_03_BAL_DAL,BAL,Devontez Walker,0.1002,0,
td,2026_03_CIN_PIT,PIT,Aaron Rodgers,0.0989,0,
td,2026_03_TEN_NYG,TEN,Daniel Bellinger,0.0986,0,
td,2026_03_TEN_NYG,NYG,Malachi Fields,0.0982,0,
td,2026_03_PHI_CHI,PHI,Johnny Mundt,0.0965,0,
td,2026_03_TEN_NYG,NYG,Odell Beckham Jr.,0.0948,0,
td,2026_03_HOU_IND,HOU,Foster Moreau,0.0943,1,
td,2026_03_ARI_SF,SF,Jacob Cowing,0.0928,0,
td,2026_03_NE_JAX,NE,Efton Chism III,0.0927,0,
td,2026_03_ARI_SF,ARI,Jalen Brooks,0.0861,0,
td,2026_03_ATL_GB,GB,Kaleb Johnson,0.0859,0,
td,2026_03_CAR_CLE,CAR,AJ Dillon,0.085,0,
td,2026_03_NYJ_DET,DET,Jared Goff,0.0828,0,
td,2026_03_KC_MIA,MIA,Ryan Miller,0.0824,0,
td,2026_03_NYJ_DET,DET,Sione Vaki,0.0776,0,
td,2026_03_MIN_TB,MIN,DeeJay Dallas,0.0773,0,
td,2026_03_LV_NO,LV,Kirk Cousins,0.0765,0,
td,2026_03_CAR_CLE,CAR,Brycen Tremayne,0.0758,0,
td,2026_03_PHI_CHI,PHI,Makai Lemon,0.0731,0,
td,2026_03_BAL_DAL,DAL,Luke Schoonmaker,0.0684,0,
td,2026_03_NE_JAX,NE,Kyle Williams,0.0676,0,
td,2026_03_SEA_WAS,SEA,Sam Darnold,0.0674,0,
td,2026_03_SEA_WAS,WAS,Ben Sinnott,0.0659,0,
td,2026_03_LV_NO,NO,Bryce Lance,0.0645,0,
td,2026_03_ATL_GB,GB,Bo Melton,0.0632,0,
td,2026_03_LAC_BUF,LAC,Alec Ingold,0.0583,0,
td,2026_03_SEA_WAS,WAS,Jaylin Lane,0.0565,0,
td,2026_03_ATL_GB,ATL,Zachariah Branch,0.0553,0,
td,2026_03_HOU_IND,IND,Laquon Treadwell,0.0527,0,
td,2026_03_KC_MIA,MIA,Kevin Coleman Jr.,0.0514,0,
td,2026_03_CIN_PIT,PIT,Ben Skowronek,0.051,1,
td,2026_03_BAL_DAL,BAL,Matthew Hibner,0.0384,1,
td,2026_03_PHI_CHI,CHI,Case Keenum,0.0016,1,
spiel,2026_03_ATL_GB,ATL@GB,35:14,7.3,4.5,44.8|43.5
spiel,2026_03_LAC_BUF,LAC@BUF,16:24,9.1,7.0,49.7|50.5
spiel,2026_03_CAR_CLE,CAR@CLE,18:21,-0.5,-2.5,42.4|41.5
spiel,2026_03_NYJ_DET,NYJ@DET,24:31,11.4,7.0,51.3|49.5
spiel,2026_03_HOU_IND,HOU@IND,17:19,-0.8,-1.5,49.0|41.5
spiel,2026_03_NE_JAX,NE@JAX,6:35,0.8,3.0,42.0|46.5
spiel,2026_03_KC_MIA,KC@MIA,24:10,-4.6,-10.0,42.6|45.5
spiel,2026_03_TEN_NYG,TEN@NYG,7:12,5.5,2.5,43.4|37.5
spiel,2026_03_CIN_PIT,CIN@PIT,27:30,0.2,-3.5,45.3|42.5
spiel,2026_03_SEA_WAS,SEA@WAS,31:33,-9.2,-8.5,44.7|40.5
spiel,2026_03_ARI_SF,ARI@SF,30:36,10.8,7.5,48.7|48.5
spiel,2026_03_MIN_TB,MIN@TB,23:16,-2.9,-1.5,41.2|42.5
spiel,2026_03_BAL_DAL,BAL@DAL,34:31,-6.1,-3.0,54.7|53.5
spiel,2026_03_LV_NO,LV@NO,35:27,4.3,3.5,40.0|43.5
spiel,2026_03_LA_DEN,LA@DEN,26:30,-1.3,1.5,43.5|43.5
spiel,2026_03_PHI_CHI,PHI@CHI,7:27,1.2,-3.5,44.7|42.5
