Spiel,Basis,Markt,Linie,P,Push
2026_04_ATL_NO,markt,sieg,,0.5249,0
2026_04_ATL_NO,markt,spread,2.0,0.5536,0.0262
2026_04_ATL_NO,markt,spread,1.5,0.5536,0.0
2026_04_ATL_NO,markt,spread,1.0,0.528,0.0256
2026_04_ATL_NO,markt,spread,0.5,0.528,0.0
2026_04_ATL_NO,markt,spread,-0.0,0.5215,0.0064
2026_04_ATL_NO,markt,spread,-0.5,0.5215,0.0
2026_04_ATL_NO,markt,spread,-1.0,0.4957,0.0259
2026_04_ATL_NO,markt,spread,-1.5,0.4957,0.0
2026_04_ATL_NO,markt,spread,-2.0,0.4689,0.0267
2026_04_ATL_NO,markt,spread,-2.5,0.4689,0.0
2026_04_ATL_NO,markt,spread,-3.0,0.3883,0.0806
2026_04_ATL_NO,markt,spread,-3.5,0.3883,0.0
2026_04_ATL_NO,markt,spread,-4.0,0.3615,0.0268
2026_04_ATL_NO,markt,spread,-4.5,0.3615,0.0
2026_04_ATL_NO,markt,spread,-5.0,0.3363,0.0252
2026_04_ATL_NO,markt,total,42.5,0.6579,0.0
2026_04_ATL_NO,markt,total,43.5,0.6296,0.0
2026_04_ATL_NO,markt,total,44.5,0.6006,0.0
2026_04_ATL_NO,markt,total,45.5,0.571,0.0
2026_04_ATL_NO,markt,total,46.5,0.541,0.0
2026_04_ATL_NO,markt,total,47.5,0.5108,0.0
2026_04_ATL_NO,markt,total,48.5,0.4806,0.0
2026_04_ATL_NO,markt,total,49.5,0.4504,0.0
2026_04_ATL_NO,markt,total,50.5,0.4205,0.0
2026_04_ATL_NO,markt,total,51.5,0.3911,0.0
2026_04_ATL_NO,markt,total,52.5,0.3623,0.0
2026_04_ATL_NO,markt,heim,20.5,0.6605,0.0
2026_04_ATL_NO,markt,heim,21.5,0.6194,0.0
2026_04_ATL_NO,markt,heim,22.5,0.5769,0.0
2026_04_ATL_NO,markt,heim,23.5,0.5336,0.0
2026_04_ATL_NO,markt,heim,24.5,0.4899,0.0
2026_04_ATL_NO,markt,heim,25.5,0.4463,0.0
2026_04_ATL_NO,markt,heim,26.5,0.4034,0.0
2026_04_ATL_NO,markt,gast,20.5,0.6279,0.0
2026_04_ATL_NO,markt,gast,21.5,0.5856,0.0
2026_04_ATL_NO,markt,gast,22.5,0.5424,0.0
2026_04_ATL_NO,markt,gast,23.5,0.4986,0.0
2026_04_ATL_NO,markt,gast,24.5,0.4549,0.0
2026_04_ATL_NO,markt,gast,25.5,0.4118,0.0
2026_04_ATL_NO,markt,gast,26.5,0.3698,0.0
2026_04_ATL_NO,modell,sieg,,0.5781,0
2026_04_ATL_NO,modell,spread,2.0,0.6049,0.0246
2026_04_ATL_NO,modell,spread,1.5,0.6049,0.0
2026_04_ATL_NO,modell,spread,1.0,0.5807,0.0243
2026_04_ATL_NO,modell,spread,0.5,0.5807,0.0
2026_04_ATL_NO,modell,spread,-0.0,0.5745,0.0062
2026_04_ATL_NO,modell,spread,-0.5,0.5745,0.0
2026_04_ATL_NO,modell,spread,-1.0,0.5495,0.025
2026_04_ATL_NO,modell,spread,-1.5,0.5495,0.0
2026_04_ATL_NO,modell,spread,-2.0,0.5233,0.0262
2026_04_ATL_NO,modell,spread,-2.5,0.5233,0.0
2026_04_ATL_NO,modell,spread,-3.0,0.4434,0.0798
2026_04_ATL_NO,modell,spread,-3.5,0.4434,0.0
2026_04_ATL_NO,modell,spread,-4.0,0.4166,0.0268
2026_04_ATL_NO,modell,spread,-4.5,0.4166,0.0
2026_04_ATL_NO,modell,spread,-5.0,0.3911,0.0255
2026_04_ATL_NO,modell,total,42.5,0.5264,0.0
2026_04_ATL_NO,modell,total,43.5,0.4964,0.0
2026_04_ATL_NO,modell,total,44.5,0.4664,0.0
2026_04_ATL_NO,modell,total,45.5,0.4366,0.0
2026_04_ATL_NO,modell,total,46.5,0.4071,0.0
2026_04_ATL_NO,modell,total,47.5,0.3782,0.0
2026_04_ATL_NO,modell,total,48.5,0.3499,0.0
2026_04_ATL_NO,modell,total,49.5,0.3224,0.0
2026_04_ATL_NO,modell,total,50.5,0.2959,0.0
2026_04_ATL_NO,modell,total,51.5,0.2704,0.0
2026_04_ATL_NO,modell,total,52.5,0.2461,0.0
2026_04_ATL_NO,modell,heim,20.5,0.6018,0.0
2026_04_ATL_NO,modell,heim,21.5,0.5595,0.0
2026_04_ATL_NO,modell,heim,22.5,0.5165,0.0
2026_04_ATL_NO,modell,heim,23.5,0.4734,0.0
2026_04_ATL_NO,modell,heim,24.5,0.4307,0.0
2026_04_ATL_NO,modell,heim,25.5,0.3888,0.0
2026_04_ATL_NO,modell,heim,26.5,0.3481,0.0
2026_04_ATL_NO,modell,gast,20.5,0.4892,0.0
2026_04_ATL_NO,modell,gast,21.5,0.446,0.0
2026_04_ATL_NO,modell,gast,22.5,0.4034,0.0
2026_04_ATL_NO,modell,gast,23.5,0.3621,0.0
2026_04_ATL_NO,modell,gast,24.5,0.3223,0.0
2026_04_ATL_NO,modell,gast,25.5,0.2845,0.0
2026_04_ATL_NO,modell,gast,26.5,0.249,0.0
