Zeit,GameId,Heim,Gast
2026-09-30T23:30:00Z,2026020006,PHI,PIT
2026-09-30T23:30:00Z,2026020008,TOR,NYI
2026-10-01T02:00:00Z,2026020007,COL,LAK
2026-10-01T23:00:00Z,2026020009,NJD,PHI
2026-10-01T23:00:00Z,2026020010,NYR,TBL
2026-10-01T23:00:00Z,2026020011,CBJ,BUF
2026-10-02T00:00:00Z,2026020012,NSH,MIN
2026-10-02T01:00:00Z,2026020014,CGY,SEA
2026-10-02T01:30:00Z,2026020013,UTA,CHI
2026-10-02T02:00:00Z,2026020015,VAN,EDM
2026-10-02T02:00:00Z,2026020016,SJS,FLA
2026-10-02T22:30:00Z,2026020017,DET,NYR
2026-10-02T23:00:00Z,2026020018,CAR,WSH
2026-10-03T00:00:00Z,2026020019,WPG,BOS
2026-10-03T01:00:00Z,2026020020,DAL,STL
2026-10-03T02:00:00Z,2026020021,VGK,ANA
2026-10-03T23:00:00Z,2026020022,BUF,CHI
2026-10-03T23:00:00Z,2026020023,TOR,OTT
2026-10-03T23:00:00Z,2026020024,TBL,WSH
2026-10-03T23:00:00Z,2026020025,PHI,CAR
2026-10-03T23:00:00Z,2026020026,PIT,MTL
2026-10-03T23:00:00Z,2026020027,CBJ,UTA
2026-10-03T23:00:00Z,2026020028,EDM,SEA
2026-10-03T23:30:00Z,2026020029,NYI,NJD
2026-10-04T00:00:00Z,2026020030,NSH,DAL
2026-10-04T00:00:00Z,2026020031,MIN,BOS
2026-10-04T01:00:00Z,2026020032,COL,STL
2026-10-04T02:00:00Z,2026020033,VAN,CGY
2026-10-04T02:00:00Z,2026020034,SJS,LAK
2026-10-04T17:00:00Z,2026020035,DET,WPG
2026-10-04T22:00:00Z,2026020036,NYR,UTA
2026-10-05T00:00:00Z,2026020037,ANA,FLA
2026-10-05T00:00:00Z,2026020038,SEA,CGY
2026-10-05T01:00:00Z,2026020039,VAN,VGK
2026-10-05T23:00:00Z,2026020040,TBL,PHI
2026-10-05T23:30:00Z,2026020041,BOS,OTT
2026-10-05T23:30:00Z,2026020042,PIT,WPG
2026-10-06T00:00:00Z,2026020043,DAL,SJS
2026-10-06T23:00:00Z,2026020044,TOR,NSH
2026-10-06T23:00:00Z,2026020045,MTL,CAR
2026-10-06T23:00:00Z,2026020046,DET,OTT
2026-10-06T23:00:00Z,2026020047,NJD,UTA
2026-10-06T23:00:00Z,2026020049,BUF,MIN
2026-10-06T23:30:00Z,2026020048,NYR,NYI
2026-10-07T00:00:00Z,2026020050,CHI,STL
2026-10-07T01:40:00Z,2026020051,SEA,VGK
2026-10-07T02:00:00Z,2026020052,LAK,FLA
2026-10-07T23:30:00Z,2026020053,WSH,PIT
2026-10-07T23:30:00Z,2026020054,WPG,COL
2026-10-08T02:00:00Z,2026020055,ANA,EDM
2026-10-08T23:00:00Z,2026020056,BOS,UTA
2026-10-08T23:00:00Z,2026020057,BUF,DAL
2026-10-08T23:00:00Z,2026020058,MTL,NSH
2026-10-08T23:00:00Z,2026020059,OTT,PHI
2026-10-08T23:00:00Z,2026020060,TBL,MIN
2026-10-08T23:00:00Z,2026020061,CAR,VAN
2026-10-08T23:30:00Z,2026020062,NYI,CHI
2026-10-09T00:00:00Z,2026020063,STL,SJS
2026-10-09T01:00:00Z,2026020064,CGY,COL
2026-10-09T02:00:00Z,2026020065,VGK,TOR
2026-10-09T23:00:00Z,2026020066,DET,SEA
2026-10-09T23:00:00Z,2026020067,WSH,NYR
2026-10-09T23:00:00Z,2026020068,CBJ,PIT
2026-10-10T00:00:00Z,2026020069,WPG,ANA
2026-10-10T17:00:00Z,2026020070,BOS,PHI
2026-10-10T19:30:00Z,2026020071,NJD,VAN
2026-10-10T20:00:00Z,2026020072,SJS,EDM
2026-10-10T22:00:00Z,2026020073,FLA,MIN
2026-10-10T23:00:00Z,2026020074,BUF,UTA
2026-10-10T23:00:00Z,2026020075,MTL,DET
2026-10-10T23:00:00Z,2026020076,OTT,NSH
2026-10-10T23:00:00Z,2026020077,PIT,DAL
2026-10-10T23:00:00Z,2026020078,CHI,CAR
2026-10-10T23:00:00Z,2026020079,STL,CBJ
2026-10-10T23:00:00Z,2026020080,COL,TOR
2026-10-10T23:30:00Z,2026020081,NYI,TBL
2026-10-11T02:00:00Z,2026020082,CGY,ANA
2026-10-11T02:00:00Z,2026020083,VGK,LAK
2026-10-11T21:00:00Z,2026020084,WSH,SEA
2026-10-11T22:00:00Z,2026020085,NYR,VAN
2026-10-11T23:00:00Z,2026020086,PHI,CAR
2026-10-12T17:00:00Z,2026020087,BUF,FLA
2026-10-12T23:00:00Z,2026020088,NJD,OTT
2026-10-13T00:00:00Z,2026020089,MIN,VGK
2026-10-13T22:00:00Z,2026020090,DET,NJD
2026-10-13T22:15:00Z,2026020091,CBJ,FLA
2026-10-13T22:30:00Z,2026020092,MTL,BUF
2026-10-13T22:45:00Z,2026020093,CAR,WSH
2026-10-13T23:00:00Z,2026020094,PHI,SEA
2026-10-13T23:15:00Z,2026020095,NYR,TBL
2026-10-13T23:30:00Z,2026020096,OTT,STL
2026-10-13T23:45:00Z,2026020097,NYI,VAN
2026-10-14T00:00:00Z,2026020098,CHI,PIT
2026-10-14T00:15:00Z,2026020099,WPG,MIN
2026-10-14T00:30:00Z,2026020100,DAL,COL
2026-10-14T00:45:00Z,2026020101,NSH,VGK
2026-10-14T01:00:00Z,2026020102,UTA,TOR
2026-10-14T01:45:00Z,2026020103,ANA,CGY
2026-10-14T02:30:00Z,2026020104,LAK,EDM
2026-10-14T03:00:00Z,2026020105,SJS,BOS
